Longitude_rel_cm,Latitude_rel_cm,start_depth,Sulfate,observed,dist_to_nearest,coords_of_nearest
15,60,0,,0,120.0,"(15, 180, 0)"
15,60,1,,0,120.0,"(15, 180, 1)"
15,60,2,,0,120.0,"(15, 180, 2)"
15,60,3,,0,120.0,"(15, 180, 3)"
15,60,4,,0,120.0,"(15, 180, 4)"
15,60,5,,0,120.0,"(15, 180, 5)"
15,60,6,,0,120.0,"(15, 180, 6)"
15,60,7,,0,120.0,"(15, 180, 7)"
15,60,8,,0,120.0,"(15, 180, 8)"
15,60,9,,0,120.0,"(15, 180, 9)"
15,60,10,,0,120.0,"(15, 180, 10)"
15,60,11,,0,120.0,"(15, 180, 11)"
15,60,12,,0,120.0,"(15, 180, 12)"
15,60,13,,0,120.0,"(15, 180, 13)"
15,75,0,,0,105.0,"(15, 180, 0)"
15,75,1,,0,105.0,"(15, 180, 1)"
15,75,2,,0,105.0,"(15, 180, 2)"
15,75,3,,0,105.0,"(15, 180, 3)"
15,75,4,,0,105.0,"(15, 180, 4)"
15,75,5,,0,105.0,"(15, 180, 5)"
15,75,6,,0,105.0,"(15, 180, 6)"
15,75,7,,0,105.0,"(15, 180, 7)"
15,75,8,,0,105.0,"(15, 180, 8)"
15,75,9,,0,105.0,"(15, 180, 9)"
15,75,10,,0,105.0,"(15, 180, 10)"
15,75,11,,0,105.0,"(15, 180, 11)"
15,75,12,,0,105.0,"(15, 180, 12)"
15,75,13,,0,105.0,"(15, 180, 13)"
15,90,0,,0,90.0,"(15, 180, 0)"
15,90,1,,0,90.0,"(15, 180, 1)"
15,90,2,,0,90.0,"(15, 180, 2)"
15,90,3,,0,90.0,"(15, 180, 3)"
15,90,4,,0,90.0,"(15, 180, 4)"
15,90,5,,0,90.0,"(15, 180, 5)"
15,90,6,,0,90.0,"(15, 180, 6)"
15,90,7,,0,90.0,"(15, 180, 7)"
15,90,8,,0,90.0,"(15, 180, 8)"
15,90,9,,0,90.0,"(15, 180, 9)"
15,90,10,,0,90.0,"(15, 180, 10)"
15,90,11,,0,90.0,"(15, 180, 11)"
15,90,12,,0,90.0,"(15, 180, 12)"
15,90,13,,0,90.0,"(15, 180, 13)"
15,105,0,,0,75.0,"(15, 180, 0)"
15,105,1,,0,75.0,"(15, 180, 1)"
15,105,2,,0,75.0,"(15, 180, 2)"
15,105,3,,0,75.0,"(15, 180, 3)"
15,105,4,,0,75.0,"(15, 180, 4)"
15,105,5,,0,75.0,"(15, 180, 5)"
15,105,6,,0,75.0,"(15, 180, 6)"
15,105,7,,0,75.0,"(15, 180, 7)"
15,105,8,,0,75.0,"(15, 180, 8)"
15,105,9,,0,75.0,"(15, 180, 9)"
15,105,10,,0,75.0,"(15, 180, 10)"
15,105,11,,0,75.0,"(15, 180, 11)"
15,105,12,,0,75.0,"(15, 180, 12)"
15,105,13,,0,75.0,"(15, 180, 13)"
15,120,0,,0,60.0,"(15, 180, 0)"
15,120,1,,0,60.0,"(15, 180, 1)"
15,120,2,,0,60.0,"(15, 180, 2)"
15,120,3,,0,60.0,"(15, 180, 3)"
15,120,4,,0,60.0,"(15, 180, 4)"
15,120,5,,0,60.0,"(15, 180, 5)"
15,120,6,,0,60.0,"(15, 180, 6)"
15,120,7,,0,60.0,"(15, 180, 7)"
15,120,8,,0,60.0,"(15, 180, 8)"
15,120,9,,0,60.0,"(15, 180, 9)"
15,120,10,,0,60.0,"(15, 180, 10)"
15,120,11,,0,60.0,"(15, 180, 11)"
15,120,12,,0,60.0,"(15, 180, 12)"
15,120,13,,0,60.0,"(15, 180, 13)"
15,135,0,,0,45.0,"(15, 180, 0)"
15,135,1,,0,45.0,"(15, 180, 1)"
15,135,2,,0,45.0,"(15, 180, 2)"
15,135,3,,0,45.0,"(15, 180, 3)"
15,135,4,,0,45.0,"(15, 180, 4)"
15,135,5,,0,45.0,"(15, 180, 5)"
15,135,6,,0,45.0,"(15, 180, 6)"
15,135,7,,0,45.0,"(15, 180, 7)"
15,135,8,,0,45.0,"(15, 180, 8)"
15,135,9,,0,45.0,"(15, 180, 9)"
15,135,10,,0,45.0,"(15, 180, 10)"
15,135,11,,0,45.0,"(15, 180, 11)"
15,135,12,,0,45.0,"(15, 180, 12)"
15,135,13,,0,45.0,"(15, 180, 13)"
15,150,0,,0,30.0,"(15, 180, 0)"
15,150,1,,0,30.0,"(15, 180, 1)"
15,150,2,,0,30.0,"(15, 180, 2)"
15,150,3,,0,30.0,"(15, 180, 3)"
15,150,4,,0,30.0,"(15, 180, 4)"
15,150,5,,0,30.0,"(15, 180, 5)"
15,150,6,,0,30.0,"(15, 180, 6)"
15,150,7,,0,30.0,"(15, 180, 7)"
15,150,8,,0,30.0,"(15, 180, 8)"
15,150,9,,0,30.0,"(15, 180, 9)"
15,150,10,,0,30.0,"(15, 180, 10)"
15,150,11,,0,30.0,"(15, 180, 11)"
15,150,12,,0,30.0,"(15, 180, 12)"
15,150,13,,0,30.0,"(15, 180, 13)"
15,165,0,,0,15.0,"(15, 180, 0)"
15,165,1,,0,15.0,"(15, 180, 1)"
15,165,2,,0,15.0,"(15, 180, 2)"
15,165,3,,0,15.0,"(15, 180, 3)"
15,165,4,,0,15.0,"(15, 180, 4)"
15,165,5,,0,15.0,"(15, 180, 5)"
15,165,6,,0,15.0,"(15, 180, 6)"
15,165,7,,0,15.0,"(15, 180, 7)"
15,165,8,,0,15.0,"(15, 180, 8)"
15,165,9,,0,15.0,"(15, 180, 9)"
15,165,10,,0,15.0,"(15, 180, 10)"
15,165,11,,0,15.0,"(15, 180, 11)"
15,165,12,,0,15.0,"(15, 180, 12)"
15,165,13,,0,15.0,"(15, 180, 13)"
15,180,0,20.5577,1,0.0,"(15, 180, 0)"
15,180,1,18.7972,1,0.0,"(15, 180, 1)"
15,180,2,14.4674,1,0.0,"(15, 180, 2)"
15,180,3,5.9476,1,0.0,"(15, 180, 3)"
15,180,4,2.7237,1,0.0,"(15, 180, 4)"
15,180,5,2.8808,1,0.0,"(15, 180, 5)"
15,180,6,2.8808,1,0.0,"(15, 180, 6)"
15,180,7,2.8808,1,0.0,"(15, 180, 7)"
15,180,8,0.7051,1,0.0,"(15, 180, 8)"
15,180,9,0.7051,1,0.0,"(15, 180, 9)"
15,180,10,0.7051,1,0.0,"(15, 180, 10)"
15,180,11,2.0148,1,0.0,"(15, 180, 11)"
15,180,12,2.0148,1,0.0,"(15, 180, 12)"
15,180,13,2.0148,1,0.0,"(15, 180, 13)"
30,60,0,,0,105.0,"(135, 60, 0)"
30,60,1,,0,105.0,"(135, 60, 1)"
30,60,2,,0,105.0,"(135, 60, 2)"
30,60,3,,0,105.00476179678711,"(135, 60, 2)"
30,60,4,,0,105.01904589168576,"(135, 60, 2)"
30,60,5,,0,105.04284840006957,"(135, 60, 2)"
30,60,6,,0,105.07616285342742,"(135, 60, 2)"
30,60,7,,0,105.11898020814318,"(135, 60, 2)"
30,60,8,,0,105.17128885774862,"(135, 60, 2)"
30,60,9,,0,105.23307464861035,"(135, 60, 2)"
30,60,10,,0,105.30432089900205,"(135, 60, 2)"
30,60,11,,0,105.38500842150178,"(135, 60, 2)"
30,60,12,,0,105.47511554864494,"(135, 60, 2)"
30,60,13,,0,105.57461816175325,"(135, 60, 2)"
30,75,0,,0,106.06601717798213,"(15, 180, 0)"
30,75,1,,0,106.06601717798213,"(15, 180, 1)"
30,75,2,,0,106.06601717798213,"(15, 180, 2)"
30,75,3,,0,106.06601717798213,"(15, 180, 3)"
30,75,4,,0,106.06601717798213,"(15, 180, 4)"
30,75,5,,0,106.06601717798213,"(15, 180, 5)"
30,75,6,,0,106.06601717798213,"(15, 180, 6)"
30,75,7,,0,106.06601717798213,"(15, 180, 7)"
30,75,8,,0,106.06601717798213,"(15, 180, 8)"
30,75,9,,0,106.06601717798213,"(15, 180, 9)"
30,75,10,,0,106.06601717798213,"(15, 180, 10)"
30,75,11,,0,106.06601717798213,"(15, 180, 11)"
30,75,12,,0,106.06601717798213,"(15, 180, 12)"
30,75,13,,0,106.06601717798213,"(15, 180, 13)"
30,90,0,,0,91.2414379544733,"(15, 180, 0)"
30,90,1,,0,91.2414379544733,"(15, 180, 1)"
30,90,2,,0,91.2414379544733,"(15, 180, 2)"
30,90,3,,0,91.2414379544733,"(15, 180, 3)"
30,90,4,,0,91.2414379544733,"(15, 180, 4)"
30,90,5,,0,91.2414379544733,"(15, 180, 5)"
30,90,6,,0,91.2414379544733,"(15, 180, 6)"
30,90,7,,0,91.2414379544733,"(15, 180, 7)"
30,90,8,,0,91.2414379544733,"(15, 180, 8)"
30,90,9,,0,91.2414379544733,"(15, 180, 9)"
30,90,10,,0,91.2414379544733,"(15, 180, 10)"
30,90,11,,0,91.2414379544733,"(15, 180, 11)"
30,90,12,,0,91.2414379544733,"(15, 180, 12)"
30,90,13,,0,91.2414379544733,"(15, 180, 13)"
30,105,0,,0,76.48529270389177,"(15, 180, 0)"
30,105,1,,0,76.48529270389177,"(15, 180, 1)"
30,105,2,,0,76.48529270389177,"(15, 180, 2)"
30,105,3,,0,76.48529270389177,"(15, 180, 3)"
30,105,4,,0,76.48529270389177,"(15, 180, 4)"
30,105,5,,0,76.48529270389177,"(15, 180, 5)"
30,105,6,,0,76.48529270389177,"(15, 180, 6)"
30,105,7,,0,76.48529270389177,"(15, 180, 7)"
30,105,8,,0,76.48529270389177,"(15, 180, 8)"
30,105,9,,0,76.48529270389177,"(15, 180, 9)"
30,105,10,,0,76.48529270389177,"(15, 180, 10)"
30,105,11,,0,76.48529270389177,"(15, 180, 11)"
30,105,12,,0,76.48529270389177,"(15, 180, 12)"
30,105,13,,0,76.48529270389177,"(15, 180, 13)"
30,120,0,,0,61.84658438426491,"(15, 180, 0)"
30,120,1,,0,61.84658438426491,"(15, 180, 1)"
30,120,2,,0,61.84658438426491,"(15, 180, 2)"
30,120,3,,0,61.84658438426491,"(15, 180, 3)"
30,120,4,,0,61.84658438426491,"(15, 180, 4)"
30,120,5,,0,61.84658438426491,"(15, 180, 5)"
30,120,6,,0,61.84658438426491,"(15, 180, 6)"
30,120,7,,0,61.84658438426491,"(15, 180, 7)"
30,120,8,,0,61.84658438426491,"(15, 180, 8)"
30,120,9,,0,61.84658438426491,"(15, 180, 9)"
30,120,10,,0,61.84658438426491,"(15, 180, 10)"
30,120,11,,0,61.84658438426491,"(15, 180, 11)"
30,120,12,,0,61.84658438426491,"(15, 180, 12)"
30,120,13,,0,61.84658438426491,"(15, 180, 13)"
30,135,0,,0,47.43416490252569,"(15, 180, 0)"
30,135,1,,0,47.43416490252569,"(15, 180, 1)"
30,135,2,,0,47.43416490252569,"(15, 180, 2)"
30,135,3,,0,47.43416490252569,"(15, 180, 3)"
30,135,4,,0,47.43416490252569,"(15, 180, 4)"
30,135,5,,0,47.43416490252569,"(15, 180, 5)"
30,135,6,,0,47.43416490252569,"(15, 180, 6)"
30,135,7,,0,47.43416490252569,"(15, 180, 7)"
30,135,8,,0,47.43416490252569,"(15, 180, 8)"
30,135,9,,0,47.43416490252569,"(15, 180, 9)"
30,135,10,,0,47.43416490252569,"(15, 180, 10)"
30,135,11,,0,47.43416490252569,"(15, 180, 11)"
30,135,12,,0,47.43416490252569,"(15, 180, 12)"
30,135,13,,0,47.43416490252569,"(15, 180, 13)"
30,150,0,,0,33.54101966249684,"(15, 180, 0)"
30,150,1,,0,33.54101966249684,"(15, 180, 1)"
30,150,2,,0,33.54101966249684,"(15, 180, 2)"
30,150,3,,0,33.54101966249684,"(15, 180, 3)"
30,150,4,,0,33.54101966249684,"(15, 180, 4)"
30,150,5,,0,33.54101966249684,"(15, 180, 5)"
30,150,6,,0,33.54101966249684,"(15, 180, 6)"
30,150,7,,0,33.54101966249684,"(15, 180, 7)"
30,150,8,,0,33.54101966249684,"(15, 180, 8)"
30,150,9,,0,33.54101966249684,"(15, 180, 9)"
30,150,10,,0,33.54101966249684,"(15, 180, 10)"
30,150,11,,0,33.54101966249684,"(15, 180, 11)"
30,150,12,,0,33.54101966249684,"(15, 180, 12)"
30,150,13,,0,33.54101966249684,"(15, 180, 13)"
30,165,0,20.62005,0,21.213203435596427,"(15, 180, 0)"
30,165,1,18.24925,0,21.213203435596427,"(15, 180, 1)"
30,165,2,14.6533,0,21.213203435596427,"(15, 180, 2)"
30,165,3,6.7954875,0,21.213203435596427,"(15, 180, 3)"
30,165,4,4.416837500000007,0,21.213203435596427,"(15, 180, 4)"
30,165,5,4.515025,0,21.213203435596427,"(15, 180, 5)"
30,165,6,4.515025,0,21.213203435596427,"(15, 180, 6)"
30,165,7,3.1552125,0,21.213203435596427,"(15, 180, 7)"
30,165,8,2.6112875000000155,0,21.213203435596427,"(15, 180, 8)"
30,165,9,2.6112875000000155,0,21.213203435596427,"(15, 180, 9)"
30,165,10,3.7572750000000004,0,21.213203435596427,"(15, 180, 10)"
30,165,11,3.757275,0,21.213203435596427,"(15, 180, 11)"
30,165,12,,0,21.213203435596427,"(15, 180, 12)"
30,165,13,,0,21.213203435596427,"(15, 180, 13)"
30,180,0,,0,15.0,"(15, 180, 0)"
30,180,1,,0,15.0,"(15, 180, 1)"
30,180,2,,0,15.0,"(15, 180, 2)"
30,180,3,,0,15.0,"(15, 180, 3)"
30,180,4,,0,15.0,"(15, 180, 4)"
30,180,5,,0,15.0,"(15, 180, 5)"
30,180,6,,0,15.0,"(15, 180, 6)"
30,180,7,,0,15.0,"(15, 180, 7)"
30,180,8,,0,15.0,"(15, 180, 8)"
30,180,9,,0,15.0,"(15, 180, 9)"
30,180,10,,0,15.0,"(15, 180, 10)"
30,180,11,,0,15.0,"(15, 180, 11)"
30,180,12,,0,15.0,"(15, 180, 12)"
30,180,13,,0,15.0,"(15, 180, 13)"
45,60,0,,0,90.0,"(135, 60, 0)"
45,60,1,,0,90.0,"(135, 60, 1)"
45,60,2,,0,90.0,"(135, 60, 2)"
45,60,3,,0,90.00555538409837,"(135, 60, 2)"
45,60,4,,0,90.0222194794152,"(135, 60, 2)"
45,60,5,,0,90.0499861188218,"(135, 60, 2)"
45,60,6,,0,90.08884503644167,"(135, 60, 2)"
45,60,7,,0,90.13878188659973,"(135, 60, 2)"
45,60,8,,0,90.19977827023745,"(135, 60, 2)"
45,60,9,,0,90.27181176868004,"(135, 60, 2)"
45,60,10,,0,90.35485598461214,"(135, 60, 2)"
45,60,11,,0,90.44888059008801,"(135, 60, 2)"
45,60,12,,0,90.55385138137417,"(135, 60, 2)"
45,60,13,,0,90.6697303403953,"(135, 60, 2)"
45,75,0,,0,91.2414379544733,"(135, 60, 0)"
45,75,1,,0,91.2414379544733,"(135, 60, 1)"
45,75,2,,0,91.2414379544733,"(135, 60, 2)"
45,75,3,,0,91.24691775616314,"(135, 60, 2)"
45,75,4,,0,91.2633551870629,"(135, 60, 2)"
45,75,5,,0,91.29074432821763,"(135, 60, 2)"
45,75,6,,0,91.32907532653553,"(135, 60, 2)"
45,75,7,,0,91.37833441248533,"(135, 60, 2)"
45,75,8,,0,91.43850392476902,"(135, 60, 2)"
45,75,9,,0,91.50956234186677,"(135, 60, 2)"
45,75,10,,0,91.59148432032315,"(135, 60, 2)"
45,75,11,,0,91.68424073961675,"(135, 60, 2)"
45,75,12,,0,91.7877987534291,"(135, 60, 2)"
45,75,13,,0,91.90212184710427,"(135, 60, 2)"
45,90,0,,0,94.86832980505137,"(15, 180, 0)"
45,90,1,,0,94.86832980505137,"(15, 180, 1)"
45,90,2,,0,94.86832980505137,"(15, 180, 2)"
45,90,3,,0,94.86832980505137,"(15, 180, 3)"
45,90,4,,0,94.86832980505137,"(15, 180, 4)"
45,90,5,,0,94.86832980505137,"(15, 180, 5)"
45,90,6,,0,94.86832980505137,"(15, 180, 6)"
45,90,7,,0,94.86832980505137,"(15, 180, 7)"
45,90,8,,0,94.86832980505137,"(15, 180, 8)"
45,90,9,,0,94.86832980505137,"(15, 180, 9)"
45,90,10,,0,94.86832980505137,"(15, 180, 10)"
45,90,11,,0,94.86832980505137,"(15, 180, 11)"
45,90,12,,0,94.86832980505137,"(15, 180, 12)"
45,90,13,,0,94.86832980505137,"(15, 180, 13)"
45,105,0,,0,80.77747210701756,"(15, 180, 0)"
45,105,1,,0,80.77747210701756,"(15, 180, 1)"
45,105,2,,0,80.77747210701756,"(15, 180, 2)"
45,105,3,,0,80.77747210701756,"(15, 180, 3)"
45,105,4,,0,80.77747210701756,"(15, 180, 4)"
45,105,5,,0,80.77747210701756,"(15, 180, 5)"
45,105,6,,0,80.77747210701756,"(15, 180, 6)"
45,105,7,,0,80.77747210701756,"(15, 180, 7)"
45,105,8,,0,80.77747210701756,"(15, 180, 8)"
45,105,9,,0,80.77747210701756,"(15, 180, 9)"
45,105,10,,0,80.77747210701756,"(15, 180, 10)"
45,105,11,,0,80.77747210701756,"(15, 180, 11)"
45,105,12,,0,80.77747210701756,"(15, 180, 12)"
45,105,13,,0,80.77747210701756,"(15, 180, 13)"
45,120,0,,0,67.08203932499369,"(15, 180, 0)"
45,120,1,,0,67.08203932499369,"(15, 180, 1)"
45,120,2,,0,67.08203932499369,"(15, 180, 2)"
45,120,3,,0,67.08203932499369,"(15, 180, 3)"
45,120,4,,0,67.08203932499369,"(15, 180, 4)"
45,120,5,,0,67.08203932499369,"(15, 180, 5)"
45,120,6,,0,67.08203932499369,"(15, 180, 6)"
45,120,7,,0,67.08203932499369,"(15, 180, 7)"
45,120,8,,0,67.08203932499369,"(15, 180, 8)"
45,120,9,,0,67.08203932499369,"(15, 180, 9)"
45,120,10,,0,67.08203932499369,"(15, 180, 10)"
45,120,11,,0,67.08203932499369,"(15, 180, 11)"
45,120,12,,0,67.08203932499369,"(15, 180, 12)"
45,120,13,,0,67.08203932499369,"(15, 180, 13)"
45,135,0,,0,54.08326913195984,"(15, 180, 0)"
45,135,1,,0,54.08326913195984,"(15, 180, 1)"
45,135,2,,0,54.08326913195984,"(15, 180, 2)"
45,135,3,,0,54.08326913195984,"(15, 180, 3)"
45,135,4,,0,54.08326913195984,"(15, 180, 4)"
45,135,5,,0,54.08326913195984,"(15, 180, 5)"
45,135,6,,0,54.08326913195984,"(15, 180, 6)"
45,135,7,,0,54.08326913195984,"(15, 180, 7)"
45,135,8,,0,54.08326913195984,"(15, 180, 8)"
45,135,9,,0,54.08326913195984,"(15, 180, 9)"
45,135,10,,0,54.08326913195984,"(15, 180, 10)"
45,135,11,,0,54.08326913195984,"(15, 180, 11)"
45,135,12,,0,54.08326913195984,"(15, 180, 12)"
45,135,13,,0,54.08326913195984,"(15, 180, 13)"
45,150,0,20.6824,0,42.42640687119285,"(15, 180, 0)"
45,150,1,17.7013,0,42.42640687119285,"(15, 180, 1)"
45,150,2,14.8392,0,42.42640687119285,"(15, 180, 2)"
45,150,3,7.643375000000001,0,42.42640687119285,"(15, 180, 3)"
45,150,4,6.1099749999999995,0,42.42640687119285,"(15, 180, 4)"
45,150,5,6.149249999999999,0,42.42640687119285,"(15, 180, 5)"
45,150,6,5.605325000000001,0,42.42640687119285,"(15, 180, 6)"
45,150,7,4.517475,0,42.42640687119285,"(15, 180, 7)"
45,150,8,4.517475000000023,0,42.42640687119285,"(15, 180, 8)"
45,150,9,5.49975,0,42.42640687119285,"(15, 180, 9)"
45,150,10,5.499750000000001,0,42.42640687119285,"(15, 180, 10)"
45,150,11,,0,42.42640687119285,"(15, 180, 11)"
45,150,12,,0,42.42640687119285,"(15, 180, 12)"
45,150,13,,0,42.42640687119285,"(15, 180, 13)"
45,165,0,,0,33.54101966249684,"(15, 180, 0)"
45,165,1,,0,33.54101966249684,"(15, 180, 1)"
45,165,2,,0,33.54101966249684,"(15, 180, 2)"
45,165,3,,0,33.54101966249684,"(15, 180, 3)"
45,165,4,,0,33.54101966249684,"(15, 180, 4)"
45,165,5,,0,33.54101966249684,"(15, 180, 5)"
45,165,6,,0,33.54101966249684,"(15, 180, 6)"
45,165,7,,0,33.54101966249684,"(15, 180, 7)"
45,165,8,,0,33.54101966249684,"(15, 180, 8)"
45,165,9,,0,33.54101966249684,"(15, 180, 9)"
45,165,10,,0,33.54101966249684,"(15, 180, 10)"
45,165,11,,0,33.54101966249684,"(15, 180, 11)"
45,165,12,,0,33.54101966249684,"(15, 180, 12)"
45,165,13,,0,33.54101966249684,"(15, 180, 13)"
45,180,0,,0,30.0,"(15, 180, 0)"
45,180,1,,0,30.0,"(15, 180, 1)"
45,180,2,,0,30.0,"(15, 180, 2)"
45,180,3,,0,30.0,"(15, 180, 3)"
45,180,4,,0,30.0,"(15, 180, 4)"
45,180,5,,0,30.0,"(15, 180, 5)"
45,180,6,,0,30.0,"(15, 180, 6)"
45,180,7,,0,30.0,"(15, 180, 7)"
45,180,8,,0,30.0,"(15, 180, 8)"
45,180,9,,0,30.0,"(15, 180, 9)"
45,180,10,,0,30.0,"(15, 180, 10)"
45,180,11,,0,30.0,"(15, 180, 11)"
45,180,12,,0,30.0,"(15, 180, 12)"
45,180,13,,0,30.0,"(15, 180, 13)"
60,60,0,,0,75.0,"(135, 60, 0)"
60,60,1,,0,75.0,"(135, 60, 1)"
60,60,2,,0,75.0,"(135, 60, 2)"
60,60,3,,0,75.0066663703967,"(135, 60, 2)"
60,60,4,,0,75.02666192761077,"(135, 60, 2)"
60,60,5,,0,75.05997601918082,"(135, 60, 2)"
60,60,6,,0,75.1065909225016,"(135, 60, 2)"
60,60,7,,0,75.16648189186454,"(135, 60, 2)"
60,60,8,,0,75.23961722390672,"(135, 60, 2)"
60,60,9,,0,75.32595834106593,"(135, 60, 2)"
60,60,10,,0,75.4254598925323,"(135, 60, 2)"
60,60,11,,0,75.53806987208503,"(135, 60, 2)"
60,60,12,,0,75.66372975210778,"(135, 60, 2)"
60,60,13,,0,75.8023746329889,"(135, 60, 2)"
60,75,0,,0,76.48529270389177,"(135, 60, 0)"
60,75,1,,0,76.48529270389177,"(135, 60, 1)"
60,75,2,,0,76.48529270389177,"(135, 60, 2)"
60,75,3,,0,76.49182962905255,"(135, 60, 2)"
60,75,4,,0,76.51143705355429,"(135, 60, 2)"
60,75,5,,0,76.54410493303844,"(135, 60, 2)"
60,75,6,,0,76.58981655546643,"(135, 60, 2)"
60,75,7,,0,76.64854858377946,"(135, 60, 2)"
60,75,8,,0,76.72027111526653,"(135, 60, 2)"
60,75,9,,0,76.8049477572897,"(135, 60, 2)"
60,75,10,,0,76.90253571892151,"(135, 60, 2)"
60,75,11,,0,77.01298591796062,"(135, 60, 2)"
60,75,12,,0,77.13624310270757,"(135, 60, 2)"
60,75,13,,0,77.272245987806,"(135, 60, 2)"
60,90,0,,0,80.77747210701756,"(135, 60, 0)"
60,90,1,,0,80.77747210701756,"(135, 60, 1)"
60,90,2,,0,80.77747210701756,"(135, 60, 2)"
60,90,3,,0,80.78366171448283,"(135, 60, 2)"
60,90,4,,0,80.80222769206304,"(135, 60, 2)"
60,90,5,,0,80.83316151184488,"(135, 60, 2)"
60,90,6,,0,80.876448982383,"(135, 60, 2)"
60,90,7,,0,80.93207028119323,"(135, 60, 2)"
60,90,8,,0,81.0,"(135, 60, 2)"
60,90,9,,0,81.08020720249795,"(135, 60, 2)"
60,90,10,,0,81.17265549432271,"(135, 60, 2)"
60,90,11,,0,81.2773031048644,"(135, 60, 2)"
60,90,12,,0,81.39410298049853,"(135, 60, 2)"
60,90,13,,0,81.52300288875527,"(135, 60, 2)"
60,105,0,,0,87.46427842267951,"(15, 180, 0)"
60,105,1,,0,87.46427842267951,"(15, 180, 1)"
60,105,2,,0,87.46427842267951,"(15, 180, 2)"
60,105,3,,0,87.46427842267951,"(15, 180, 3)"
60,105,4,,0,87.46427842267951,"(15, 180, 4)"
60,105,5,,0,87.46427842267951,"(15, 180, 5)"
60,105,6,,0,87.46427842267951,"(15, 180, 6)"
60,105,7,,0,87.46427842267951,"(15, 180, 7)"
60,105,8,,0,87.46427842267951,"(15, 180, 8)"
60,105,9,,0,87.46427842267951,"(15, 180, 9)"
60,105,10,,0,87.46427842267951,"(15, 180, 10)"
60,105,11,,0,87.46427842267951,"(15, 180, 11)"
60,105,12,,0,87.46427842267951,"(15, 180, 12)"
60,105,13,,0,87.46427842267951,"(15, 180, 13)"
60,120,0,,0,75.0,"(15, 180, 0)"
60,120,1,,0,75.0,"(15, 180, 1)"
60,120,2,,0,75.0,"(15, 180, 2)"
60,120,3,,0,75.0,"(15, 180, 3)"
60,120,4,,0,75.0,"(15, 180, 4)"
60,120,5,,0,75.0,"(15, 180, 5)"
60,120,6,,0,75.0,"(15, 180, 6)"
60,120,7,,0,75.0,"(15, 180, 7)"
60,120,8,,0,75.0,"(15, 180, 8)"
60,120,9,,0,75.0,"(15, 180, 9)"
60,120,10,,0,75.0,"(15, 180, 10)"
60,120,11,,0,75.0,"(15, 180, 11)"
60,120,12,,0,75.0,"(15, 180, 12)"
60,120,13,,0,75.0,"(15, 180, 13)"
60,135,0,20.74475,0,63.63961030678928,"(15, 180, 0)"
60,135,1,17.15335,0,63.63961030678928,"(15, 180, 1)"
60,135,2,15.0251,0,63.63961030678928,"(15, 180, 2)"
60,135,3,8.4912625,0,63.63961030678928,"(15, 180, 3)"
60,135,4,7.783474999999998,0,63.63961030678928,"(15, 180, 4)"
60,135,5,7.783474999999998,0,63.63961030678928,"(15, 180, 5)"
60,135,6,6.4236625,0,63.63961030678928,"(15, 180, 6)"
60,135,7,6.423662500000015,0,63.63961030678928,"(15, 180, 7)"
60,135,8,7.242225000000022,0,63.63961030678928,"(15, 180, 8)"
60,135,9,,0,63.63961030678928,"(15, 180, 9)"
60,135,10,,0,63.63961030678928,"(15, 180, 10)"
60,135,11,,0,63.63961030678928,"(15, 180, 11)"
60,135,12,,0,63.63961030678928,"(15, 180, 12)"
60,135,13,,0,63.63961030678928,"(15, 180, 13)"
60,150,0,20.298228571428574,0,54.08326913195984,"(15, 180, 0)"
60,150,1,18.177671428571426,0,54.08326913195984,"(15, 180, 1)"
60,150,2,14.798542857142857,0,54.08326913195984,"(15, 180, 2)"
60,150,3,7.983103571428572,0,54.08326913195984,"(15, 180, 3)"
60,150,4,6.336503571428572,0,54.08326913195984,"(15, 180, 4)"
60,150,5,6.4206642857142855,0,54.08326913195984,"(15, 180, 5)"
60,150,6,6.420664285714286,0,54.08326913195984,"(15, 180, 6)"
60,150,7,4.788889285714285,0,54.08326913195984,"(15, 180, 7)"
60,150,8,4.788889285714301,0,54.08326913195984,"(15, 180, 8)"
60,150,9,5.724389285714285,0,54.08326913195984,"(15, 180, 9)"
60,150,10,5.771164285714287,0,54.08326913195984,"(15, 180, 10)"
60,150,11,,0,54.08326913195984,"(15, 180, 11)"
60,150,12,,0,54.08326913195984,"(15, 180, 12)"
60,150,13,,0,54.08326913195984,"(15, 180, 13)"
60,165,0,,0,47.43416490252569,"(15, 180, 0)"
60,165,1,,0,47.43416490252569,"(15, 180, 1)"
60,165,2,,0,47.43416490252569,"(15, 180, 2)"
60,165,3,,0,47.43416490252569,"(15, 180, 3)"
60,165,4,,0,47.43416490252569,"(15, 180, 4)"
60,165,5,,0,47.43416490252569,"(15, 180, 5)"
60,165,6,,0,47.43416490252569,"(15, 180, 6)"
60,165,7,,0,47.43416490252569,"(15, 180, 7)"
60,165,8,,0,47.43416490252569,"(15, 180, 8)"
60,165,9,,0,47.43416490252569,"(15, 180, 9)"
60,165,10,,0,47.43416490252569,"(15, 180, 10)"
60,165,11,,0,47.43416490252569,"(15, 180, 11)"
60,165,12,,0,47.43416490252569,"(15, 180, 12)"
60,165,13,,0,47.43416490252569,"(15, 180, 13)"
60,180,0,,0,45.0,"(15, 180, 0)"
60,180,1,,0,45.0,"(15, 180, 1)"
60,180,2,,0,45.0,"(15, 180, 2)"
60,180,3,,0,45.0,"(15, 180, 3)"
60,180,4,,0,45.0,"(15, 180, 4)"
60,180,5,,0,45.0,"(15, 180, 5)"
60,180,6,,0,45.0,"(15, 180, 6)"
60,180,7,,0,45.0,"(15, 180, 7)"
60,180,8,,0,45.0,"(15, 180, 8)"
60,180,9,,0,45.0,"(15, 180, 9)"
60,180,10,,0,45.0,"(15, 180, 10)"
60,180,11,,0,45.0,"(15, 180, 11)"
60,180,12,,0,45.0,"(15, 180, 12)"
60,180,13,,0,45.0,"(15, 180, 13)"
75,60,0,,0,60.0,"(135, 60, 0)"
75,60,1,,0,60.0,"(135, 60, 1)"
75,60,2,,0,60.0,"(135, 60, 2)"
75,60,3,,0,60.00833275470999,"(135, 60, 2)"
75,60,4,,0,60.03332407921454,"(135, 60, 2)"
75,60,5,,0,60.07495318350236,"(135, 60, 2)"
75,60,6,,0,60.13318551349163,"(135, 60, 2)"
75,60,7,,0,60.207972893961475,"(135, 60, 2)"
75,60,8,,0,60.29925372672534,"(135, 60, 2)"
75,60,9,,0,60.40695324215582,"(135, 60, 2)"
75,60,10,,0,60.530983801686226,"(135, 60, 2)"
75,60,11,,0,60.67124524847005,"(135, 60, 2)"
75,60,12,,0,60.8276253029822,"(135, 60, 2)"
75,60,13,,0,61.0,"(135, 60, 2)"
75,75,0,,0,61.84658438426491,"(135, 60, 0)"
75,75,1,,0,61.84658438426491,"(135, 60, 1)"
75,75,2,,0,61.84658438426491,"(135, 60, 2)"
75,75,3,,0,61.85466837676846,"(135, 60, 2)"
75,75,4,,0,61.87891401761993,"(135, 60, 2)"
75,75,5,,0,61.91930232165088,"(135, 60, 2)"
75,75,6,,0,61.97580172938467,"(135, 60, 2)"
75,75,7,,0,62.048368229954285,"(135, 60, 2)"
75,75,8,,0,62.13694553162394,"(135, 60, 2)"
75,75,9,,0,62.24146527838174,"(135, 60, 2)"
75,75,10,,0,62.36184731067546,"(135, 60, 2)"
75,75,11,,0,62.49799996799898,"(135, 60, 2)"
75,75,12,,0,62.64982043070834,"(135, 60, 2)"
75,75,13,,0,62.81719509815764,"(135, 60, 2)"
75,90,0,,0,67.08203932499369,"(135, 60, 0)"
75,90,1,,0,67.08203932499369,"(135, 60, 1)"
75,90,2,,0,67.08203932499369,"(135, 60, 2)"
75,90,3,,0,67.08949247087803,"(135, 60, 2)"
75,90,4,,0,67.11184694225007,"(135, 60, 2)"
75,90,5,,0,67.14908785679818,"(135, 60, 2)"
75,90,6,,0,67.20119046564577,"(135, 60, 2)"
75,90,7,,0,67.26812023536856,"(135, 60, 2)"
75,90,8,,0,67.34983296193094,"(135, 60, 2)"
75,90,9,,0,67.446274915669,"(135, 60, 2)"
75,90,10,,0,67.55738301621814,"(135, 60, 2)"
75,90,11,,0,67.68308503607086,"(135, 60, 2)"
75,90,12,,0,67.82329983125268,"(135, 60, 2)"
75,90,13,,0,67.97793759742936,"(135, 60, 2)"
75,105,0,,0,75.0,"(135, 60, 0)"
75,105,1,,0,75.0,"(135, 60, 1)"
75,105,2,,0,75.0,"(135, 60, 2)"
75,105,3,,0,75.0066663703967,"(135, 60, 2)"
75,105,4,,0,75.02666192761077,"(135, 60, 2)"
75,105,5,,0,75.05997601918082,"(135, 60, 2)"
75,105,6,,0,75.1065909225016,"(135, 60, 2)"
75,105,7,,0,75.16648189186454,"(135, 60, 2)"
75,105,8,,0,75.23961722390672,"(135, 60, 2)"
75,105,9,,0,75.32595834106593,"(135, 60, 2)"
75,105,10,,0,75.4254598925323,"(135, 60, 2)"
75,105,11,,0,75.53806987208503,"(135, 60, 2)"
75,105,12,,0,75.66372975210778,"(135, 60, 2)"
75,105,13,,0,75.8023746329889,"(135, 60, 2)"
75,120,0,20.8071,0,84.8528137423857,"(15, 180, 0)"
75,120,1,16.6054,0,84.8528137423857,"(135, 60, 1)"
75,120,2,15.210999999999999,0,84.8528137423857,"(135, 60, 2)"
75,120,3,9.33915,0,84.8528137423857,"(15, 180, 3)"
75,120,4,9.4177,0,84.8528137423857,"(15, 180, 4)"
75,120,5,8.32985,0,84.8528137423857,"(15, 180, 5)"
75,120,6,8.329850000000015,0,84.8528137423857,"(15, 180, 6)"
75,120,7,8.9847,0,84.8528137423857,"(15, 180, 7)"
75,120,8,,0,84.8528137423857,"(15, 180, 8)"
75,120,9,,0,84.8528137423857,"(15, 180, 9)"
75,120,10,,0,84.8528137423857,"(15, 180, 10)"
75,120,11,,0,84.8528137423857,"(15, 180, 11)"
75,120,12,,0,84.8528137423857,"(15, 180, 12)"
75,120,13,,0,84.8528137423857,"(15, 180, 13)"
75,135,0,20.36057857142857,0,75.0,"(15, 180, 0)"
75,135,1,17.62972142857143,0,75.0,"(15, 180, 1)"
75,135,2,14.984442857142858,0,75.0,"(15, 180, 2)"
75,135,3,8.83099107142857,0,75.0,"(15, 180, 3)"
75,135,4,8.029641071428578,0,75.0,"(15, 180, 4)"
75,135,5,8.054889285714285,0,75.0,"(15, 180, 5)"
75,135,6,6.772780357142858,0,75.0,"(15, 180, 6)"
75,135,7,6.695076785714301,0,75.0,"(15, 180, 7)"
75,135,8,7.513639285714293,0,75.0,"(15, 180, 8)"
75,135,9,7.513639285714285,0,75.0,"(15, 180, 9)"
75,135,10,,0,75.0,"(15, 180, 10)"
75,135,11,,0,75.0,"(15, 180, 11)"
75,135,12,,0,75.0,"(15, 180, 12)"
75,135,13,,0,75.0,"(15, 180, 13)"
75,150,0,,0,67.08203932499369,"(15, 180, 0)"
75,150,1,,0,67.08203932499369,"(15, 180, 1)"
75,150,2,,0,67.08203932499369,"(15, 180, 2)"
75,150,3,,0,67.08203932499369,"(15, 180, 3)"
75,150,4,,0,67.08203932499369,"(15, 180, 4)"
75,150,5,,0,67.08203932499369,"(15, 180, 5)"
75,150,6,,0,67.08203932499369,"(15, 180, 6)"
75,150,7,,0,67.08203932499369,"(15, 180, 7)"
75,150,8,,0,67.08203932499369,"(15, 180, 8)"
75,150,9,,0,67.08203932499369,"(15, 180, 9)"
75,150,10,,0,67.08203932499369,"(15, 180, 10)"
75,150,11,,0,67.08203932499369,"(15, 180, 11)"
75,150,12,,0,67.08203932499369,"(15, 180, 12)"
75,150,13,,0,67.08203932499369,"(15, 180, 13)"
75,165,0,,0,61.84658438426491,"(15, 180, 0)"
75,165,1,,0,61.84658438426491,"(15, 180, 1)"
75,165,2,,0,61.84658438426491,"(15, 180, 2)"
75,165,3,,0,61.84658438426491,"(15, 180, 3)"
75,165,4,,0,61.84658438426491,"(15, 180, 4)"
75,165,5,,0,61.84658438426491,"(15, 180, 5)"
75,165,6,,0,61.84658438426491,"(15, 180, 6)"
75,165,7,,0,61.84658438426491,"(15, 180, 7)"
75,165,8,,0,61.84658438426491,"(15, 180, 8)"
75,165,9,,0,61.84658438426491,"(15, 180, 9)"
75,165,10,,0,61.84658438426491,"(15, 180, 10)"
75,165,11,,0,61.84658438426491,"(15, 180, 11)"
75,165,12,,0,61.84658438426491,"(15, 180, 12)"
75,165,13,,0,61.84658438426491,"(15, 180, 13)"
75,180,0,,0,60.0,"(15, 180, 0)"
75,180,1,,0,60.0,"(15, 180, 1)"
75,180,2,,0,60.0,"(15, 180, 2)"
75,180,3,,0,60.0,"(15, 180, 3)"
75,180,4,,0,60.0,"(15, 180, 4)"
75,180,5,,0,60.0,"(15, 180, 5)"
75,180,6,,0,60.0,"(15, 180, 6)"
75,180,7,,0,60.0,"(15, 180, 7)"
75,180,8,,0,60.0,"(15, 180, 8)"
75,180,9,,0,60.0,"(15, 180, 9)"
75,180,10,,0,60.0,"(15, 180, 10)"
75,180,11,,0,60.0,"(15, 180, 11)"
75,180,12,,0,60.0,"(15, 180, 12)"
75,180,13,,0,60.0,"(15, 180, 13)"
90,60,0,,0,45.0,"(135, 60, 0)"
90,60,1,,0,45.0,"(135, 60, 1)"
90,60,2,,0,45.0,"(135, 60, 2)"
90,60,3,,0,45.0111097397076,"(135, 60, 2)"
90,60,4,,0,45.044422518220834,"(135, 60, 2)"
90,60,5,,0,45.09988913511872,"(135, 60, 2)"
90,60,6,,0,45.17742799230607,"(135, 60, 2)"
90,60,7,,0,45.27692569068709,"(135, 60, 2)"
90,60,8,,0,45.39823785126467,"(135, 60, 2)"
90,60,9,,0,45.5411901469428,"(135, 60, 2)"
90,60,10,,0,45.70557952810576,"(135, 60, 2)"
90,60,11,,0,45.89117562233506,"(135, 60, 2)"
90,60,12,,0,46.09772228646444,"(135, 60, 2)"
90,60,13,,0,46.32493928760188,"(135, 60, 2)"
90,75,0,,0,47.43416490252569,"(135, 60, 0)"
90,75,1,,0,47.43416490252569,"(135, 60, 1)"
90,75,2,,0,47.43416490252569,"(135, 60, 2)"
90,75,3,,0,47.44470465710583,"(135, 60, 2)"
90,75,4,,0,47.47630988187688,"(135, 60, 2)"
90,75,5,,0,47.52893855326458,"(135, 60, 2)"
90,75,6,,0,47.60252094164762,"(135, 60, 2)"
90,75,7,,0,47.69696007084728,"(135, 60, 2)"
90,75,8,,0,47.81213235152768,"(135, 60, 2)"
90,75,9,,0,47.94788837894741,"(135, 60, 2)"
90,75,10,,0,48.104053883222775,"(135, 60, 2)"
90,75,11,,0,48.28043081829324,"(135, 60, 2)"
90,75,12,,0,48.47679857416329,"(135, 60, 2)"
90,75,13,,0,48.692915295759406,"(135, 60, 2)"
90,90,0,,0,54.08326913195984,"(135, 60, 0)"
90,90,1,,0,54.08326913195984,"(135, 60, 1)"
90,90,2,,0,54.08326913195984,"(135, 60, 2)"
90,90,3,,0,54.092513345194085,"(135, 60, 2)"
90,90,4,,0,54.120236510939236,"(135, 60, 2)"
90,90,5,,0,54.16641025580336,"(135, 60, 2)"
90,90,6,,0,54.230987451824994,"(135, 60, 2)"
90,90,7,,0,54.31390245600108,"(135, 60, 2)"
90,90,8,,0,54.415071441651165,"(135, 60, 2)"
90,90,9,,0,54.53439281774392,"(135, 60, 2)"
90,90,10,,0,54.67174773134658,"(135, 60, 2)"
90,90,11,,0,54.8270006474912,"(135, 60, 2)"
90,90,12,,0,55.0,"(135, 60, 2)"
90,90,13,,0,55.190578906186516,"(135, 60, 2)"
90,105,0,20.86945,0,63.63961030678928,"(135, 60, 0)"
90,105,1,16.05745,0,63.63961030678928,"(135, 60, 1)"
90,105,2,15.396899999999999,0,63.63961030678928,"(135, 60, 2)"
90,105,3,11.032287500000002,0,63.647466563878254,"(135, 60, 2)"
90,105,4,10.7799625,0,63.671029518926424,"(135, 60, 2)"
90,105,5,10.236037500000023,0,63.7102817447859,"(135, 60, 2)"
90,105,6,10.727174999999999,0,63.76519426771944,"(135, 60, 2)"
90,105,7,,0,63.835726674018524,"(135, 60, 2)"
90,105,8,,0,63.92182725798755,"(135, 60, 2)"
90,105,9,,0,64.02343321003646,"(135, 60, 2)"
90,105,10,,0,64.1404708432983,"(135, 60, 2)"
90,105,11,,0,64.27285585688566,"(135, 60, 2)"
90,105,12,,0,64.42049363362563,"(135, 60, 2)"
90,105,13,,0,64.5832795698701,"(135, 60, 2)"
90,120,0,20.42292857142857,0,75.0,"(135, 60, 0)"
90,120,1,17.08177142857143,0,75.0,"(135, 60, 1)"
90,120,2,15.170342857142858,0,75.0,"(135, 60, 2)"
90,120,3,9.678878571428571,0,75.0066663703967,"(135, 60, 2)"
90,120,4,9.689114285714286,0,75.02666192761077,"(135, 60, 2)"
90,120,5,9.222892857142858,0,75.05997601918082,"(135, 60, 2)"
90,120,6,8.6012642857143,0,75.1065909225016,"(135, 60, 2)"
90,120,7,9.256114285714286,0,75.16648189186454,"(135, 60, 2)"
90,120,8,,0,75.23961722390672,"(135, 60, 2)"
90,120,9,,0,75.32595834106593,"(135, 60, 2)"
90,120,10,,0,75.4254598925323,"(135, 60, 2)"
90,120,11,,0,75.53806987208503,"(135, 60, 2)"
90,120,12,,0,75.66372975210778,"(135, 60, 2)"
90,120,13,,0,75.8023746329889,"(135, 60, 2)"
90,135,0,19.97640714285714,0,87.46427842267951,"(135, 60, 0)"
90,135,1,18.10609285714286,0,87.46427842267951,"(135, 60, 1)"
90,135,2,14.943785714285717,0,87.46427842267951,"(135, 60, 2)"
90,135,3,9.170719642857144,0,87.46427842267951,"(15, 180, 3)"
90,135,4,8.256169642857143,0,87.46427842267951,"(15, 180, 4)"
90,135,5,8.326303571428571,0,87.46427842267951,"(15, 180, 5)"
90,135,6,7.665823214285716,0,87.46427842267951,"(15, 180, 6)"
90,135,7,6.966491071428587,0,87.46427842267951,"(15, 180, 7)"
90,135,8,7.527791071428549,0,87.46427842267951,"(15, 180, 8)"
90,135,9,7.785053571428571,0,87.46427842267951,"(15, 180, 9)"
90,135,10,,0,87.46427842267951,"(15, 180, 10)"
90,135,11,,0,87.46427842267951,"(15, 180, 11)"
90,135,12,,0,87.46427842267951,"(15, 180, 12)"
90,135,13,,0,87.46427842267951,"(15, 180, 13)"
90,150,0,,0,80.77747210701756,"(15, 180, 0)"
90,150,1,,0,80.77747210701756,"(15, 180, 1)"
90,150,2,,0,80.77747210701756,"(15, 180, 2)"
90,150,3,,0,80.77747210701756,"(15, 180, 3)"
90,150,4,,0,80.77747210701756,"(15, 180, 4)"
90,150,5,,0,80.77747210701756,"(15, 180, 5)"
90,150,6,,0,80.77747210701756,"(15, 180, 6)"
90,150,7,,0,80.77747210701756,"(15, 180, 7)"
90,150,8,,0,80.77747210701756,"(15, 180, 8)"
90,150,9,,0,80.77747210701756,"(15, 180, 9)"
90,150,10,,0,80.77747210701756,"(15, 180, 10)"
90,150,11,,0,80.77747210701756,"(15, 180, 11)"
90,150,12,,0,80.77747210701756,"(15, 180, 12)"
90,150,13,,0,80.77747210701756,"(15, 180, 13)"
90,165,0,,0,76.48529270389177,"(15, 180, 0)"
90,165,1,,0,76.48529270389177,"(15, 180, 1)"
90,165,2,,0,76.48529270389177,"(15, 180, 2)"
90,165,3,,0,76.48529270389177,"(15, 180, 3)"
90,165,4,,0,76.48529270389177,"(15, 180, 4)"
90,165,5,,0,76.48529270389177,"(15, 180, 5)"
90,165,6,,0,76.48529270389177,"(15, 180, 6)"
90,165,7,,0,76.48529270389177,"(15, 180, 7)"
90,165,8,,0,76.48529270389177,"(15, 180, 8)"
90,165,9,,0,76.48529270389177,"(15, 180, 9)"
90,165,10,,0,76.48529270389177,"(15, 180, 10)"
90,165,11,,0,76.48529270389177,"(15, 180, 11)"
90,165,12,,0,76.48529270389177,"(15, 180, 12)"
90,165,13,,0,76.48529270389177,"(15, 180, 13)"
90,180,0,,0,75.0,"(15, 180, 0)"
90,180,1,,0,75.0,"(15, 180, 1)"
90,180,2,,0,75.0,"(15, 180, 2)"
90,180,3,,0,75.0,"(15, 180, 3)"
90,180,4,,0,75.0,"(15, 180, 4)"
90,180,5,,0,75.0,"(15, 180, 5)"
90,180,6,,0,75.0,"(15, 180, 6)"
90,180,7,,0,75.0,"(15, 180, 7)"
90,180,8,,0,75.0,"(15, 180, 8)"
90,180,9,,0,75.0,"(15, 180, 9)"
90,180,10,,0,75.0,"(15, 180, 10)"
90,180,11,,0,75.0,"(15, 180, 11)"
90,180,12,,0,75.0,"(15, 180, 12)"
90,180,13,,0,75.0,"(15, 180, 13)"
105,60,0,,0,30.0,"(135, 60, 0)"
105,60,1,,0,30.0,"(135, 60, 1)"
105,60,2,,0,30.0,"(135, 60, 2)"
105,60,3,,0,30.01666203960727,"(135, 60, 2)"
105,60,4,,0,30.066592756745816,"(135, 60, 2)"
105,60,5,,0,30.14962686336267,"(135, 60, 2)"
105,60,6,,0,30.265491900843113,"(135, 60, 2)"
105,60,7,,0,30.4138126514911,"(135, 60, 2)"
105,60,8,,0,30.59411708155671,"(135, 60, 2)"
105,60,9,,0,30.805843601498726,"(135, 60, 2)"
105,60,10,,0,31.04834939252005,"(135, 60, 2)"
105,60,11,,0,31.32091952673165,"(135, 60, 2)"
105,60,12,,0,31.622776601683793,"(135, 60, 2)"
105,60,13,,0,31.953090617340916,"(135, 60, 2)"
105,75,0,,0,33.54101966249684,"(135, 60, 0)"
105,75,1,,0,33.54101966249684,"(135, 60, 1)"
105,75,2,,0,33.54101966249684,"(135, 60, 2)"
105,75,3,,0,33.555923471125034,"(135, 60, 2)"
105,75,4,,0,33.60059523282288,"(135, 60, 2)"
105,75,5,,0,33.67491648096547,"(135, 60, 2)"
105,75,6,,0,33.77869150810907,"(135, 60, 2)"
105,75,7,,0,33.91164991562634,"(135, 60, 2)"
105,75,8,,0,34.07345007480164,"(135, 60, 2)"
105,75,9,,0,34.26368339802363,"(135, 60, 2)"
105,75,10,,0,34.48187929913333,"(135, 60, 2)"
105,75,11,,0,34.72751070837067,"(135, 60, 2)"
105,75,12,,0,35.0,"(135, 60, 2)"
105,75,13,,0,35.298725189445584,"(135, 60, 2)"
105,90,0,20.931800000000003,0,42.42640687119285,"(135, 60, 0)"
105,90,1,15.5095,0,42.42640687119285,"(135, 60, 1)"
105,90,2,15.582799999999999,0,42.42640687119285,"(135, 60, 2)"
105,90,3,12.686149999999998,0,42.43819034784589,"(135, 60, 2)"
105,90,4,12.142225000000014,0,42.473521163190604,"(135, 60, 2)"
105,90,5,,0,42.532340636273474,"(135, 60, 2)"
105,90,6,,0,42.61455150532503,"(135, 60, 2)"
105,90,7,,0,42.720018726587654,"(135, 60, 2)"
105,90,8,,0,42.8485705712571,"(135, 60, 2)"
105,90,9,,0,43.0,"(135, 60, 2)"
105,90,10,,0,43.174066289845804,"(135, 60, 2)"
105,90,11,,0,43.37049688440288,"(135, 60, 2)"
105,90,12,,0,43.58898943540674,"(135, 60, 2)"
105,90,13,,0,43.829214001622255,"(135, 60, 2)"
105,105,0,20.485278571428573,0,54.08326913195984,"(135, 60, 0)"
105,105,1,16.533821428571425,0,54.08326913195984,"(135, 60, 1)"
105,105,2,15.356242857142856,0,54.08326913195984,"(135, 60, 2)"
105,105,3,11.166366071428572,0,54.092513345194085,"(135, 60, 2)"
105,105,4,11.323339285714287,0,54.120236510939236,"(135, 60, 2)"
105,105,5,10.507451785714302,0,54.16641025580336,"(135, 60, 2)"
105,105,6,10.998589285714285,0,54.230987451824994,"(135, 60, 2)"
105,105,7,,0,54.31390245600108,"(135, 60, 2)"
105,105,8,,0,54.415071441651165,"(135, 60, 2)"
105,105,9,,0,54.53439281774392,"(135, 60, 2)"
105,105,10,,0,54.67174773134658,"(135, 60, 2)"
105,105,11,,0,54.8270006474912,"(135, 60, 2)"
105,105,12,,0,55.0,"(135, 60, 2)"
105,105,13,,0,55.190578906186516,"(135, 60, 2)"
105,120,0,20.038757142857143,0,67.08203932499369,"(135, 60, 0)"
105,120,1,17.558142857142858,0,67.08203932499369,"(135, 60, 1)"
105,120,2,15.129685714285715,0,67.08203932499369,"(135, 60, 2)"
105,120,3,10.018607142857142,0,67.08949247087803,"(135, 60, 2)"
105,120,4,9.949307142857144,0,67.11184694225007,"(135, 60, 2)"
105,120,5,9.960528571428572,0,67.14908785679818,"(135, 60, 2)"
105,120,6,8.872678571428573,0,67.20119046564577,"(135, 60, 2)"
105,120,7,9.433978571428572,0,67.26812023536856,"(135, 60, 2)"
105,120,8,9.527528571428572,0,67.34983296193094,"(135, 60, 2)"
105,120,9,,0,67.446274915669,"(135, 60, 2)"
105,120,10,,0,67.55738301621814,"(135, 60, 2)"
105,120,11,,0,67.68308503607086,"(135, 60, 2)"
105,120,12,,0,67.82329983125268,"(135, 60, 2)"
105,120,13,,0,67.97793759742936,"(135, 60, 2)"
105,135,0,,0,80.77747210701756,"(135, 60, 0)"
105,135,1,,0,80.77747210701756,"(135, 60, 1)"
105,135,2,,0,80.77747210701756,"(135, 60, 2)"
105,135,3,,0,80.78366171448283,"(135, 60, 2)"
105,135,4,,0,80.80222769206304,"(135, 60, 2)"
105,135,5,,0,80.83316151184488,"(135, 60, 2)"
105,135,6,,0,80.876448982383,"(135, 60, 2)"
105,135,7,,0,80.93207028119323,"(135, 60, 2)"
105,135,8,,0,81.0,"(135, 60, 2)"
105,135,9,,0,81.08020720249795,"(135, 60, 2)"
105,135,10,,0,81.17265549432271,"(135, 60, 2)"
105,135,11,,0,81.2773031048644,"(135, 60, 2)"
105,135,12,,0,81.39410298049853,"(135, 60, 2)"
105,135,13,,0,81.52300288875527,"(135, 60, 2)"
105,150,0,,0,94.86832980505137,"(135, 60, 0)"
105,150,1,,0,94.86832980505137,"(135, 60, 1)"
105,150,2,,0,94.86832980505137,"(135, 60, 2)"
105,150,3,,0,94.86832980505137,"(15, 180, 3)"
105,150,4,,0,94.86832980505137,"(15, 180, 4)"
105,150,5,,0,94.86832980505137,"(15, 180, 5)"
105,150,6,,0,94.86832980505137,"(15, 180, 6)"
105,150,7,,0,94.86832980505137,"(15, 180, 7)"
105,150,8,,0,94.86832980505137,"(15, 180, 8)"
105,150,9,,0,94.86832980505137,"(15, 180, 9)"
105,150,10,,0,94.86832980505137,"(15, 180, 10)"
105,150,11,,0,94.86832980505137,"(15, 180, 11)"
105,150,12,,0,94.86832980505137,"(15, 180, 12)"
105,150,13,,0,94.86832980505137,"(15, 180, 13)"
105,165,0,,0,91.2414379544733,"(15, 180, 0)"
105,165,1,,0,91.2414379544733,"(15, 180, 1)"
105,165,2,,0,91.2414379544733,"(15, 180, 2)"
105,165,3,,0,91.2414379544733,"(15, 180, 3)"
105,165,4,,0,91.2414379544733,"(15, 180, 4)"
105,165,5,,0,91.2414379544733,"(15, 180, 5)"
105,165,6,,0,91.2414379544733,"(15, 180, 6)"
105,165,7,,0,91.2414379544733,"(15, 180, 7)"
105,165,8,,0,91.2414379544733,"(15, 180, 8)"
105,165,9,,0,91.2414379544733,"(15, 180, 9)"
105,165,10,,0,91.2414379544733,"(15, 180, 10)"
105,165,11,,0,91.2414379544733,"(15, 180, 11)"
105,165,12,,0,91.2414379544733,"(15, 180, 12)"
105,165,13,,0,91.2414379544733,"(15, 180, 13)"
105,180,0,,0,90.0,"(15, 180, 0)"
105,180,1,,0,90.0,"(15, 180, 1)"
105,180,2,,0,90.0,"(15, 180, 2)"
105,180,3,,0,90.0,"(15, 180, 3)"
105,180,4,,0,90.0,"(15, 180, 4)"
105,180,5,,0,90.0,"(15, 180, 5)"
105,180,6,,0,90.0,"(15, 180, 6)"
105,180,7,,0,90.0,"(15, 180, 7)"
105,180,8,,0,90.0,"(15, 180, 8)"
105,180,9,,0,90.0,"(15, 180, 9)"
105,180,10,,0,90.0,"(15, 180, 10)"
105,180,11,,0,90.0,"(15, 180, 11)"
105,180,12,,0,90.0,"(15, 180, 12)"
105,180,13,,0,90.0,"(15, 180, 13)"
120,60,0,,0,15.0,"(135, 60, 0)"
120,60,1,,0,15.0,"(135, 60, 1)"
120,60,2,,0,15.0,"(135, 60, 2)"
120,60,3,,0,15.033296378372908,"(135, 60, 2)"
120,60,4,,0,15.132745950421556,"(135, 60, 2)"
120,60,5,,0,15.297058540778355,"(135, 60, 2)"
120,60,6,,0,15.524174696260024,"(135, 60, 2)"
120,60,7,,0,15.811388300841896,"(135, 60, 2)"
120,60,8,,0,16.15549442140351,"(135, 60, 2)"
120,60,9,,0,16.55294535724685,"(135, 60, 2)"
120,60,10,,0,17.0,"(135, 60, 2)"
120,60,11,,0,17.4928556845359,"(135, 60, 2)"
120,60,12,,0,18.027756377319946,"(135, 60, 2)"
120,60,13,,0,18.601075237738275,"(135, 60, 2)"
120,75,0,20.99415,0,21.213203435596427,"(135, 60, 0)"
120,75,1,14.961549999999999,0,21.213203435596427,"(135, 60, 1)"
120,75,2,15.768699999999999,0,21.213203435596427,"(135, 60, 2)"
120,75,3,14.0484125,0,21.236760581595302,"(135, 60, 2)"
120,75,4,,0,21.307275752662516,"(135, 60, 2)"
120,75,5,,0,21.42428528562855,"(135, 60, 2)"
120,75,6,,0,21.587033144922902,"(135, 60, 2)"
120,75,7,,0,21.79449471770337,"(135, 60, 2)"
120,75,8,,0,22.045407685048602,"(135, 60, 2)"
120,75,9,,0,22.338307903688676,"(135, 60, 2)"
120,75,10,,0,22.67156809750927,"(135, 60, 2)"
120,75,11,,0,23.043437243605826,"(135, 60, 2)"
120,75,12,,0,23.45207879911715,"(135, 60, 2)"
120,75,13,,0,23.895606290697042,"(135, 60, 2)"
120,90,0,20.54762857142857,0,33.54101966249684,"(135, 60, 0)"
120,90,1,15.985871428571429,0,33.54101966249684,"(135, 60, 1)"
120,90,2,15.542142857142856,0,33.54101966249684,"(135, 60, 2)"
120,90,3,12.951953571428575,0,33.555923471125034,"(135, 60, 2)"
120,90,4,12.413639285714286,0,33.60059523282288,"(135, 60, 2)"
120,90,5,12.741064285714284,0,33.67491648096547,"(135, 60, 2)"
120,90,6,,0,33.77869150810907,"(135, 60, 2)"
120,90,7,,0,33.91164991562634,"(135, 60, 2)"
120,90,8,,0,34.07345007480164,"(135, 60, 2)"
120,90,9,,0,34.26368339802363,"(135, 60, 2)"
120,90,10,,0,34.48187929913333,"(135, 60, 2)"
120,90,11,,0,34.72751070837067,"(135, 60, 2)"
120,90,12,,0,35.0,"(135, 60, 2)"
120,90,13,,0,35.298725189445584,"(135, 60, 2)"
120,105,0,20.101107142857146,0,47.43416490252569,"(135, 60, 0)"
120,105,1,17.010192857142858,0,47.43416490252569,"(135, 60, 1)"
120,105,2,15.315585714285714,0,47.43416490252569,"(135, 60, 2)"
120,105,3,10.866494642857141,0,47.44470465710583,"(135, 60, 2)"
120,105,4,11.594753571428573,0,47.47630988187688,"(135, 60, 2)"
120,105,5,10.77886607142857,0,47.52893855326458,"(135, 60, 2)"
120,105,6,11.270003571428571,0,47.60252094164762,"(135, 60, 2)"
120,105,7,,0,47.69696007084728,"(135, 60, 2)"
120,105,8,,0,47.81213235152768,"(135, 60, 2)"
120,105,9,,0,47.94788837894741,"(135, 60, 2)"
120,105,10,,0,48.104053883222775,"(135, 60, 2)"
120,105,11,,0,48.28043081829324,"(135, 60, 2)"
120,105,12,,0,48.47679857416329,"(135, 60, 2)"
120,105,13,,0,48.692915295759406,"(135, 60, 2)"
120,120,0,19.654585714285716,0,61.84658438426491,"(135, 60, 0)"
120,120,1,18.034514285714287,0,61.84658438426491,"(135, 60, 1)"
120,120,2,15.089028571428571,0,61.84658438426491,"(135, 60, 2)"
120,120,3,10.358335714285715,0,61.85466837676846,"(135, 60, 2)"
120,120,4,10.175835714285714,0,61.87891401761993,"(135, 60, 2)"
120,120,5,10.231942857142858,0,61.91930232165088,"(135, 60, 2)"
120,120,6,9.144092857142859,0,61.97580172938467,"(135, 60, 2)"
120,120,7,9.331192857142858,0,62.048368229954285,"(135, 60, 2)"
120,120,8,9.798942857142858,0,62.13694553162394,"(135, 60, 2)"
120,120,9,,0,62.24146527838174,"(135, 60, 2)"
120,120,10,,0,62.36184731067546,"(135, 60, 2)"
120,120,11,,0,62.49799996799898,"(135, 60, 2)"
120,120,12,,0,62.64982043070834,"(135, 60, 2)"
120,120,13,,0,62.81719509815764,"(135, 60, 2)"
120,135,0,,0,76.48529270389177,"(135, 60, 0)"
120,135,1,,0,76.48529270389177,"(135, 60, 1)"
120,135,2,,0,76.48529270389177,"(135, 60, 2)"
120,135,3,,0,76.49182962905255,"(135, 60, 2)"
120,135,4,,0,76.51143705355429,"(135, 60, 2)"
120,135,5,,0,76.54410493303844,"(135, 60, 2)"
120,135,6,,0,76.58981655546643,"(135, 60, 2)"
120,135,7,,0,76.64854858377946,"(135, 60, 2)"
120,135,8,,0,76.72027111526653,"(135, 60, 2)"
120,135,9,,0,76.8049477572897,"(135, 60, 2)"
120,135,10,,0,76.90253571892151,"(135, 60, 2)"
120,135,11,,0,77.01298591796062,"(135, 60, 2)"
120,135,12,,0,77.13624310270757,"(135, 60, 2)"
120,135,13,,0,77.272245987806,"(135, 60, 2)"
120,150,0,,0,91.2414379544733,"(135, 60, 0)"
120,150,1,,0,91.2414379544733,"(135, 60, 1)"
120,150,2,,0,91.2414379544733,"(135, 60, 2)"
120,150,3,,0,91.24691775616314,"(135, 60, 2)"
120,150,4,,0,91.2633551870629,"(135, 60, 2)"
120,150,5,,0,91.29074432821763,"(135, 60, 2)"
120,150,6,,0,91.32907532653553,"(135, 60, 2)"
120,150,7,,0,91.37833441248533,"(135, 60, 2)"
120,150,8,,0,91.43850392476902,"(135, 60, 2)"
120,150,9,,0,91.50956234186677,"(135, 60, 2)"
120,150,10,,0,91.59148432032315,"(135, 60, 2)"
120,150,11,,0,91.68424073961675,"(135, 60, 2)"
120,150,12,,0,91.7877987534291,"(135, 60, 2)"
120,150,13,,0,91.90212184710427,"(135, 60, 2)"
120,165,0,,0,106.06601717798213,"(135, 60, 0)"
120,165,1,,0,106.06601717798213,"(135, 60, 1)"
120,165,2,,0,106.06601717798213,"(135, 60, 2)"
120,165,3,,0,106.06601717798213,"(15, 180, 3)"
120,165,4,,0,106.06601717798213,"(15, 180, 4)"
120,165,5,,0,106.06601717798213,"(15, 180, 5)"
120,165,6,,0,106.06601717798213,"(15, 180, 6)"
120,165,7,,0,106.06601717798213,"(15, 180, 7)"
120,165,8,,0,106.06601717798213,"(15, 180, 8)"
120,165,9,,0,106.06601717798213,"(15, 180, 9)"
120,165,10,,0,106.06601717798213,"(15, 180, 10)"
120,165,11,,0,106.06601717798213,"(15, 180, 11)"
120,165,12,,0,106.06601717798213,"(15, 180, 12)"
120,165,13,,0,106.06601717798213,"(15, 180, 13)"
120,180,0,,0,105.0,"(15, 180, 0)"
120,180,1,,0,105.0,"(15, 180, 1)"
120,180,2,,0,105.0,"(15, 180, 2)"
120,180,3,,0,105.0,"(15, 180, 3)"
120,180,4,,0,105.0,"(15, 180, 4)"
120,180,5,,0,105.0,"(15, 180, 5)"
120,180,6,,0,105.0,"(15, 180, 6)"
120,180,7,,0,105.0,"(15, 180, 7)"
120,180,8,,0,105.0,"(15, 180, 8)"
120,180,9,,0,105.0,"(15, 180, 9)"
120,180,10,,0,105.0,"(15, 180, 10)"
120,180,11,,0,105.0,"(15, 180, 11)"
120,180,12,,0,105.0,"(15, 180, 12)"
120,180,13,,0,105.0,"(15, 180, 13)"
135,60,0,21.0565,1,0.0,"(135, 60, 0)"
135,60,1,14.4136,1,0.0,"(135, 60, 1)"
135,60,2,15.9546,1,0.0,"(135, 60, 2)"
135,60,3,,0,1.0,"(135, 60, 2)"
135,60,4,,0,2.0,"(135, 60, 2)"
135,60,5,,0,3.0,"(135, 60, 2)"
135,60,6,,0,4.0,"(135, 60, 2)"
135,60,7,,0,5.0,"(135, 60, 2)"
135,60,8,,0,6.0,"(135, 60, 2)"
135,60,9,,0,7.0,"(135, 60, 2)"
135,60,10,,0,8.0,"(135, 60, 2)"
135,60,11,,0,9.0,"(135, 60, 2)"
135,60,12,,0,10.0,"(135, 60, 2)"
135,60,13,,0,11.0,"(135, 60, 2)"
135,75,0,20.609978571428574,0,15.0,"(135, 60, 0)"
135,75,1,15.43792142857143,0,15.0,"(135, 60, 1)"
135,75,2,15.728042857142857,0,15.0,"(135, 60, 2)"
135,75,3,14.397530357142857,0,15.033296378372908,"(135, 60, 2)"
135,75,4,,0,15.132745950421556,"(135, 60, 2)"
135,75,5,,0,15.297058540778355,"(135, 60, 2)"
135,75,6,,0,15.524174696260024,"(135, 60, 2)"
135,75,7,,0,15.811388300841896,"(135, 60, 2)"
135,75,8,,0,16.15549442140351,"(135, 60, 2)"
135,75,9,,0,16.55294535724685,"(135, 60, 2)"
135,75,10,,0,17.0,"(135, 60, 2)"
135,75,11,,0,17.4928556845359,"(135, 60, 2)"
135,75,12,,0,18.027756377319946,"(135, 60, 2)"
135,75,13,,0,18.601075237738275,"(135, 60, 2)"
135,90,0,20.163457142857144,0,30.0,"(135, 60, 0)"
135,90,1,16.462242857142858,0,30.0,"(135, 60, 1)"
135,90,2,15.501485714285712,0,30.0,"(135, 60, 2)"
135,90,3,12.993582142857143,0,30.01666203960727,"(135, 60, 2)"
135,90,4,12.840460714285715,0,30.066592756745816,"(135, 60, 2)"
135,90,5,13.012478571428572,0,30.14962686336267,"(135, 60, 2)"
135,90,6,,0,30.265491900843113,"(135, 60, 2)"
135,90,7,,0,30.4138126514911,"(135, 60, 2)"
135,90,8,,0,30.59411708155671,"(135, 60, 2)"
135,90,9,,0,30.805843601498726,"(135, 60, 2)"
135,90,10,,0,31.04834939252005,"(135, 60, 2)"
135,90,11,,0,31.32091952673165,"(135, 60, 2)"
135,90,12,,0,31.622776601683793,"(135, 60, 2)"
135,90,13,,0,31.953090617340916,"(135, 60, 2)"
135,105,0,19.716935714285714,0,45.0,"(135, 60, 0)"
135,105,1,17.486564285714287,0,45.0,"(135, 60, 1)"
135,105,2,15.274928571428571,0,45.0,"(135, 60, 2)"
135,105,3,11.206223214285714,0,45.0111097397076,"(135, 60, 2)"
135,105,4,11.866167857142857,0,45.044422518220834,"(135, 60, 2)"
135,105,5,11.283391071428571,0,45.09988913511872,"(135, 60, 2)"
135,105,6,11.237380357142857,0,45.17742799230607,"(135, 60, 2)"
135,105,7,,0,45.27692569068709,"(135, 60, 2)"
135,105,8,,0,45.39823785126467,"(135, 60, 2)"
135,105,9,,0,45.5411901469428,"(135, 60, 2)"
135,105,10,,0,45.70557952810576,"(135, 60, 2)"
135,105,11,,0,45.89117562233506,"(135, 60, 2)"
135,105,12,,0,46.09772228646444,"(135, 60, 2)"
135,105,13,,0,46.32493928760188,"(135, 60, 2)"
135,120,0,,0,60.0,"(135, 60, 0)"
135,120,1,,0,60.0,"(135, 60, 1)"
135,120,2,,0,60.0,"(135, 60, 2)"
135,120,3,,0,60.00833275470999,"(135, 60, 2)"
135,120,4,,0,60.03332407921454,"(135, 60, 2)"
135,120,5,,0,60.07495318350236,"(135, 60, 2)"
135,120,6,,0,60.13318551349163,"(135, 60, 2)"
135,120,7,,0,60.207972893961475,"(135, 60, 2)"
135,120,8,,0,60.29925372672534,"(135, 60, 2)"
135,120,9,,0,60.40695324215582,"(135, 60, 2)"
135,120,10,,0,60.530983801686226,"(135, 60, 2)"
135,120,11,,0,60.67124524847005,"(135, 60, 2)"
135,120,12,,0,60.8276253029822,"(135, 60, 2)"
135,120,13,,0,61.0,"(135, 60, 2)"
135,135,0,,0,75.0,"(135, 60, 0)"
135,135,1,,0,75.0,"(135, 60, 1)"
135,135,2,,0,75.0,"(135, 60, 2)"
135,135,3,,0,75.0066663703967,"(135, 60, 2)"
135,135,4,,0,75.02666192761077,"(135, 60, 2)"
135,135,5,,0,75.05997601918082,"(135, 60, 2)"
135,135,6,,0,75.1065909225016,"(135, 60, 2)"
135,135,7,,0,75.16648189186454,"(135, 60, 2)"
135,135,8,,0,75.23961722390672,"(135, 60, 2)"
135,135,9,,0,75.32595834106593,"(135, 60, 2)"
135,135,10,,0,75.4254598925323,"(135, 60, 2)"
135,135,11,,0,75.53806987208503,"(135, 60, 2)"
135,135,12,,0,75.66372975210778,"(135, 60, 2)"
135,135,13,,0,75.8023746329889,"(135, 60, 2)"
135,150,0,,0,90.0,"(135, 60, 0)"
135,150,1,,0,90.0,"(135, 60, 1)"
135,150,2,,0,90.0,"(135, 60, 2)"
135,150,3,,0,90.00555538409837,"(135, 60, 2)"
135,150,4,,0,90.0222194794152,"(135, 60, 2)"
135,150,5,,0,90.0499861188218,"(135, 60, 2)"
135,150,6,,0,90.08884503644167,"(135, 60, 2)"
135,150,7,,0,90.13878188659973,"(135, 60, 2)"
135,150,8,,0,90.19977827023745,"(135, 60, 2)"
135,150,9,,0,90.27181176868004,"(135, 60, 2)"
135,150,10,,0,90.35485598461214,"(135, 60, 2)"
135,150,11,,0,90.44888059008801,"(135, 60, 2)"
135,150,12,,0,90.55385138137417,"(135, 60, 2)"
135,150,13,,0,90.6697303403953,"(135, 60, 2)"
135,165,0,,0,105.0,"(135, 60, 0)"
135,165,1,,0,105.0,"(135, 60, 1)"
135,165,2,,0,105.0,"(135, 60, 2)"
135,165,3,,0,105.00476179678711,"(135, 60, 2)"
135,165,4,,0,105.01904589168576,"(135, 60, 2)"
135,165,5,,0,105.04284840006957,"(135, 60, 2)"
135,165,6,,0,105.07616285342742,"(135, 60, 2)"
135,165,7,,0,105.11898020814318,"(135, 60, 2)"
135,165,8,,0,105.17128885774862,"(135, 60, 2)"
135,165,9,,0,105.23307464861035,"(135, 60, 2)"
135,165,10,,0,105.30432089900205,"(135, 60, 2)"
135,165,11,,0,105.38500842150178,"(135, 60, 2)"
135,165,12,,0,105.47511554864494,"(135, 60, 2)"
135,165,13,,0,105.57461816175325,"(135, 60, 2)"
135,180,0,,0,120.0,"(135, 60, 0)"
135,180,1,,0,120.0,"(135, 60, 1)"
135,180,2,,0,120.0,"(135, 60, 2)"
135,180,3,,0,120.0,"(15, 180, 3)"
135,180,4,,0,120.0,"(15, 180, 4)"
135,180,5,,0,120.0,"(15, 180, 5)"
135,180,6,,0,120.0,"(15, 180, 6)"
135,180,7,,0,120.0,"(15, 180, 7)"
135,180,8,,0,120.0,"(15, 180, 8)"
135,180,9,,0,120.0,"(15, 180, 9)"
135,180,10,,0,120.0,"(15, 180, 10)"
135,180,11,,0,120.0,"(15, 180, 11)"
135,180,12,,0,120.0,"(15, 180, 12)"
135,180,13,,0,120.0,"(15, 180, 13)"
150,60,0,20.672328571428572,0,15.0,"(135, 60, 0)"
150,60,1,14.88997142857143,0,15.0,"(135, 60, 1)"
150,60,2,15.913942857142857,0,15.0,"(135, 60, 2)"
150,60,3,,0,15.033296378372908,"(135, 60, 2)"
150,60,4,,0,15.132745950421556,"(135, 60, 2)"
150,60,5,,0,15.297058540778355,"(135, 60, 2)"
150,60,6,,0,15.524174696260024,"(135, 60, 2)"
150,60,7,,0,15.811388300841896,"(135, 60, 2)"
150,60,8,,0,16.15549442140351,"(135, 60, 2)"
150,60,9,,0,16.55294535724685,"(135, 60, 2)"
150,60,10,,0,17.0,"(135, 60, 2)"
150,60,11,,0,17.4928556845359,"(135, 60, 2)"
150,60,12,,0,18.027756377319946,"(135, 60, 2)"
150,60,13,,0,18.601075237738275,"(135, 60, 2)"
150,75,0,20.225807142857143,0,21.213203435596427,"(135, 60, 0)"
150,75,1,15.91429285714286,0,21.213203435596427,"(135, 60, 1)"
150,75,2,15.687385714285714,0,21.213203435596427,"(135, 60, 2)"
150,75,3,14.863203571428574,0,21.236760581595302,"(135, 60, 2)"
150,75,4,,0,21.307275752662516,"(135, 60, 2)"
150,75,5,,0,21.42428528562855,"(135, 60, 2)"
150,75,6,,0,21.587033144922902,"(135, 60, 2)"
150,75,7,,0,21.79449471770337,"(135, 60, 2)"
150,75,8,,0,22.045407685048602,"(135, 60, 2)"
150,75,9,,0,22.338307903688676,"(135, 60, 2)"
150,75,10,,0,22.67156809750927,"(135, 60, 2)"
150,75,11,,0,23.043437243605826,"(135, 60, 2)"
150,75,12,,0,23.45207879911715,"(135, 60, 2)"
150,75,13,,0,23.895606290697042,"(135, 60, 2)"
150,90,0,19.779285714285713,0,33.54101966249684,"(135, 60, 0)"
150,90,1,16.938614285714287,0,33.54101966249684,"(135, 60, 1)"
150,90,2,15.46082857142857,0,33.54101966249684,"(135, 60, 2)"
150,90,3,12.480510714285714,0,33.555923471125034,"(135, 60, 2)"
150,90,4,13.500392857142854,0,33.60059523282288,"(135, 60, 2)"
150,90,5,13.143567857142857,0,33.67491648096547,"(135, 60, 2)"
150,90,6,,0,33.77869150810907,"(135, 60, 2)"
150,90,7,,0,33.91164991562634,"(135, 60, 2)"
150,90,8,,0,34.07345007480164,"(135, 60, 2)"
150,90,9,,0,34.26368339802363,"(135, 60, 2)"
150,90,10,,0,34.48187929913333,"(135, 60, 2)"
150,90,11,,0,34.72751070837067,"(135, 60, 2)"
150,90,12,,0,35.0,"(135, 60, 2)"
150,90,13,,0,35.298725189445584,"(135, 60, 2)"
150,105,0,19.332764285714287,0,47.43416490252569,"(135, 60, 0)"
150,105,1,17.962935714285713,0,47.43416490252569,"(135, 60, 1)"
150,105,2,15.234271428571427,0,47.43416490252569,"(135, 60, 2)"
150,105,3,11.545951785714285,0,47.44470465710583,"(135, 60, 2)"
150,105,4,12.095501785714287,0,47.47630988187688,"(135, 60, 2)"
150,105,5,12.137582142857145,0,47.52893855326458,"(135, 60, 2)"
150,105,6,11.321694642857151,0,47.60252094164762,"(135, 60, 2)"
150,105,7,11.812832142857143,0,47.69696007084728,"(135, 60, 2)"
150,105,8,,0,47.81213235152768,"(135, 60, 2)"
150,105,9,,0,47.94788837894741,"(135, 60, 2)"
150,105,10,,0,48.104053883222775,"(135, 60, 2)"
150,105,11,,0,48.28043081829324,"(135, 60, 2)"
150,105,12,,0,48.47679857416329,"(135, 60, 2)"
150,105,13,,0,48.692915295759406,"(135, 60, 2)"
150,120,0,,0,61.84658438426491,"(135, 60, 0)"
150,120,1,,0,61.84658438426491,"(135, 60, 1)"
150,120,2,,0,61.84658438426491,"(135, 60, 2)"
150,120,3,,0,61.85466837676846,"(135, 60, 2)"
150,120,4,,0,61.87891401761993,"(135, 60, 2)"
150,120,5,,0,61.91930232165088,"(135, 60, 2)"
150,120,6,,0,61.97580172938467,"(135, 60, 2)"
150,120,7,,0,62.048368229954285,"(135, 60, 2)"
150,120,8,,0,62.13694553162394,"(135, 60, 2)"
150,120,9,,0,62.24146527838174,"(135, 60, 2)"
150,120,10,,0,62.36184731067546,"(135, 60, 2)"
150,120,11,,0,62.49799996799898,"(135, 60, 2)"
150,120,12,,0,62.64982043070834,"(135, 60, 2)"
150,120,13,,0,62.81719509815764,"(135, 60, 2)"
150,135,0,,0,76.48529270389177,"(135, 60, 0)"
150,135,1,,0,76.48529270389177,"(135, 60, 1)"
150,135,2,,0,76.48529270389177,"(135, 60, 2)"
150,135,3,,0,76.49182962905255,"(135, 60, 2)"
150,135,4,,0,76.51143705355429,"(135, 60, 2)"
150,135,5,,0,76.54410493303844,"(135, 60, 2)"
150,135,6,,0,76.58981655546643,"(135, 60, 2)"
150,135,7,,0,76.64854858377946,"(135, 60, 2)"
150,135,8,,0,76.72027111526653,"(135, 60, 2)"
150,135,9,,0,76.8049477572897,"(135, 60, 2)"
150,135,10,,0,76.90253571892151,"(135, 60, 2)"
150,135,11,,0,77.01298591796062,"(135, 60, 2)"
150,135,12,,0,77.13624310270757,"(135, 60, 2)"
150,135,13,,0,77.272245987806,"(135, 60, 2)"
150,150,0,,0,91.2414379544733,"(135, 60, 0)"
150,150,1,,0,91.2414379544733,"(135, 60, 1)"
150,150,2,,0,91.2414379544733,"(135, 60, 2)"
150,150,3,,0,91.24691775616314,"(135, 60, 2)"
150,150,4,,0,91.2633551870629,"(135, 60, 2)"
150,150,5,,0,91.29074432821763,"(135, 60, 2)"
150,150,6,,0,91.32907532653553,"(135, 60, 2)"
150,150,7,,0,91.37833441248533,"(135, 60, 2)"
150,150,8,,0,91.43850392476902,"(135, 60, 2)"
150,150,9,,0,91.50956234186677,"(135, 60, 2)"
150,150,10,,0,91.59148432032315,"(135, 60, 2)"
150,150,11,,0,91.68424073961675,"(135, 60, 2)"
150,150,12,,0,91.7877987534291,"(135, 60, 2)"
150,150,13,,0,91.90212184710427,"(135, 60, 2)"
150,165,0,,0,106.06601717798213,"(135, 60, 0)"
150,165,1,,0,106.06601717798213,"(135, 60, 1)"
150,165,2,,0,106.06601717798213,"(135, 60, 2)"
150,165,3,,0,106.07073111843813,"(135, 60, 2)"
150,165,4,,0,106.08487168300671,"(135, 60, 2)"
150,165,5,,0,106.10843510296436,"(135, 60, 2)"
150,165,6,,0,106.1414151026827,"(135, 60, 2)"
150,165,7,,0,106.18380290797651,"(135, 60, 2)"
150,165,8,,0,106.23558725775464,"(135, 60, 2)"
150,165,9,,0,106.29675441893792,"(135, 60, 2)"
150,165,10,,0,106.36728820459794,"(135, 60, 2)"
150,165,11,,0,106.44716999526104,"(135, 60, 2)"
150,165,12,,0,106.53637876331258,"(135, 60, 2)"
150,165,13,,0,106.63489110042735,"(135, 60, 2)"
150,180,0,,0,120.93386622447825,"(135, 60, 0)"
150,180,1,,0,120.93386622447825,"(135, 60, 1)"
150,180,2,,0,120.93386622447825,"(135, 60, 2)"
150,180,3,,0,120.93800064495858,"(135, 60, 2)"
150,180,4,,0,120.95040305844375,"(135, 60, 2)"
150,180,5,,0,120.9710709219357,"(135, 60, 2)"
150,180,6,,0,121.0,"(135, 60, 2)"
150,180,7,,0,121.03718436910205,"(135, 60, 2)"
150,180,8,,0,121.0826164236634,"(135, 60, 2)"
150,180,9,,0,121.13628688382354,"(135, 60, 2)"
150,180,10,,0,121.19818480488888,"(135, 60, 2)"
150,180,11,,0,121.26829758844642,"(135, 60, 2)"
150,180,12,,0,121.34661099511597,"(135, 60, 2)"
150,180,13,,0,121.43310915891102,"(135, 60, 2)"
165,60,0,20.288157142857145,0,30.0,"(135, 60, 0)"
165,60,1,15.36634285714286,0,30.0,"(135, 60, 1)"
165,60,2,15.873285714285714,0,30.0,"(135, 60, 2)"
165,60,3,,0,30.01666203960727,"(135, 60, 2)"
165,60,4,,0,30.066592756745816,"(135, 60, 2)"
165,60,5,,0,30.14962686336267,"(135, 60, 2)"
165,60,6,,0,30.265491900843113,"(135, 60, 2)"
165,60,7,,0,30.4138126514911,"(135, 60, 2)"
165,60,8,,0,30.59411708155671,"(135, 60, 2)"
165,60,9,,0,30.805843601498726,"(135, 60, 2)"
165,60,10,,0,31.04834939252005,"(135, 60, 2)"
165,60,11,,0,31.32091952673165,"(135, 60, 2)"
165,60,12,,0,31.622776601683793,"(135, 60, 2)"
165,60,13,,0,31.953090617340916,"(135, 60, 2)"
165,75,0,19.841635714285715,0,33.54101966249684,"(135, 60, 0)"
165,75,1,16.390664285714287,0,33.54101966249684,"(135, 60, 1)"
165,75,2,15.64672857142857,0,33.54101966249684,"(135, 60, 2)"
165,75,3,14.820798214285714,0,33.555923471125034,"(135, 60, 2)"
165,75,4,15.026367857142858,0,33.60059523282288,"(135, 60, 2)"
165,75,5,,0,33.67491648096547,"(135, 60, 2)"
165,75,6,,0,33.77869150810907,"(135, 60, 2)"
165,75,7,,0,33.91164991562634,"(135, 60, 2)"
165,75,8,,0,34.07345007480164,"(135, 60, 2)"
165,75,9,,0,34.26368339802363,"(135, 60, 2)"
165,75,10,,0,34.48187929913333,"(135, 60, 2)"
165,75,11,,0,34.72751070837067,"(135, 60, 2)"
165,75,12,,0,35.0,"(135, 60, 2)"
165,75,13,,0,35.298725189445584,"(135, 60, 2)"
165,90,0,19.395114285714286,0,42.42640687119285,"(135, 60, 0)"
165,90,1,17.414985714285717,0,42.42640687119285,"(135, 60, 1)"
165,90,2,15.420171428571427,0,42.42640687119285,"(135, 60, 2)"
165,90,3,12.393839285714284,0,42.43819034784589,"(135, 60, 2)"
165,90,4,13.771807142857142,0,42.473521163190604,"(135, 60, 2)"
165,90,5,13.227882142857151,0,42.532340636273474,"(135, 60, 2)"
165,90,6,,0,42.61455150532503,"(135, 60, 2)"
165,90,7,,0,42.720018726587654,"(135, 60, 2)"
165,90,8,,0,42.8485705712571,"(135, 60, 2)"
165,90,9,,0,43.0,"(135, 60, 2)"
165,90,10,,0,43.174066289845804,"(135, 60, 2)"
165,90,11,,0,43.37049688440288,"(135, 60, 2)"
165,90,12,,0,43.58898943540674,"(135, 60, 2)"
165,90,13,,0,43.829214001622255,"(135, 60, 2)"
165,105,0,,0,54.08326913195984,"(135, 60, 0)"
165,105,1,,0,54.08326913195984,"(135, 60, 1)"
165,105,2,,0,54.08326913195984,"(135, 60, 2)"
165,105,3,,0,54.092513345194085,"(135, 60, 2)"
165,105,4,,0,54.120236510939236,"(135, 60, 2)"
165,105,5,,0,54.16641025580336,"(135, 60, 2)"
165,105,6,,0,54.230987451824994,"(135, 60, 2)"
165,105,7,,0,54.31390245600108,"(135, 60, 2)"
165,105,8,,0,54.415071441651165,"(135, 60, 2)"
165,105,9,,0,54.53439281774392,"(135, 60, 2)"
165,105,10,,0,54.67174773134658,"(135, 60, 2)"
165,105,11,,0,54.8270006474912,"(135, 60, 2)"
165,105,12,,0,55.0,"(135, 60, 2)"
165,105,13,,0,55.190578906186516,"(135, 60, 2)"
165,120,0,,0,67.08203932499369,"(135, 60, 0)"
165,120,1,,0,67.08203932499369,"(135, 60, 1)"
165,120,2,,0,67.08203932499369,"(135, 60, 2)"
165,120,3,,0,67.08949247087803,"(135, 60, 2)"
165,120,4,,0,67.11184694225007,"(135, 60, 2)"
165,120,5,,0,67.14908785679818,"(135, 60, 2)"
165,120,6,,0,67.20119046564577,"(135, 60, 2)"
165,120,7,,0,67.26812023536856,"(135, 60, 2)"
165,120,8,,0,67.34983296193094,"(135, 60, 2)"
165,120,9,,0,67.446274915669,"(135, 60, 2)"
165,120,10,,0,67.55738301621814,"(135, 60, 2)"
165,120,11,,0,67.68308503607086,"(135, 60, 2)"
165,120,12,,0,67.82329983125268,"(135, 60, 2)"
165,120,13,,0,67.97793759742936,"(135, 60, 2)"
165,135,0,,0,80.77747210701756,"(135, 60, 0)"
165,135,1,,0,80.77747210701756,"(135, 60, 1)"
165,135,2,,0,80.77747210701756,"(135, 60, 2)"
165,135,3,,0,80.78366171448283,"(135, 60, 2)"
165,135,4,,0,80.80222769206304,"(135, 60, 2)"
165,135,5,,0,80.83316151184488,"(135, 60, 2)"
165,135,6,,0,80.876448982383,"(135, 60, 2)"
165,135,7,,0,80.93207028119323,"(135, 60, 2)"
165,135,8,,0,81.0,"(135, 60, 2)"
165,135,9,,0,81.08020720249795,"(135, 60, 2)"
165,135,10,,0,81.17265549432271,"(135, 60, 2)"
165,135,11,,0,81.2773031048644,"(135, 60, 2)"
165,135,12,,0,81.39410298049853,"(135, 60, 2)"
165,135,13,,0,81.52300288875527,"(135, 60, 2)"
165,150,0,,0,94.86832980505137,"(135, 60, 0)"
165,150,1,,0,94.86832980505137,"(135, 60, 1)"
165,150,2,,0,94.86832980505137,"(135, 60, 2)"
165,150,3,,0,94.87360012142472,"(135, 60, 2)"
165,150,4,,0,94.88940931421166,"(135, 60, 2)"
165,150,5,,0,94.91575211733824,"(135, 60, 2)"
165,150,6,,0,94.95261976375376,"(135, 60, 2)"
165,150,7,,0,95.0,"(135, 60, 2)"
165,150,8,,0,95.05787710652916,"(135, 60, 2)"
165,150,9,,0,95.12623192369179,"(135, 60, 2)"
165,150,10,,0,95.20504188329524,"(135, 60, 2)"
165,150,11,,0,95.29428104561154,"(135, 60, 2)"
165,150,12,,0,95.39392014169457,"(135, 60, 2)"
165,150,13,,0,95.50392662084633,"(135, 60, 2)"
165,165,0,,0,109.20164833920778,"(135, 60, 0)"
165,165,1,,0,109.20164833920778,"(135, 60, 1)"
165,165,2,,0,109.20164833920778,"(135, 60, 2)"
165,165,3,,0,109.20622692868754,"(135, 60, 2)"
165,165,4,,0,109.21996154549771,"(135, 60, 2)"
165,165,5,,0,109.24284873619875,"(135, 60, 2)"
165,165,6,,0,109.27488274987991,"(135, 60, 2)"
165,165,7,,0,109.31605554537722,"(135, 60, 2)"
165,165,8,,0,109.36635680134911,"(135, 60, 2)"
165,165,9,,0,109.42577392917995,"(135, 60, 2)"
165,165,10,,0,109.49429208867465,"(135, 60, 2)"
165,165,11,,0,109.57189420649804,"(135, 60, 2)"
165,165,12,,0,109.65856099730654,"(135, 60, 2)"
165,165,13,,0,109.754270987511,"(135, 60, 2)"
165,180,0,,0,123.69316876852982,"(135, 60, 0)"
165,180,1,,0,123.69316876852982,"(135, 60, 1)"
165,180,2,,0,123.69316876852982,"(135, 60, 2)"
165,180,3,,0,123.69721096289923,"(135, 60, 2)"
165,180,4,,0,123.70933675353692,"(135, 60, 2)"
165,180,5,,0,123.72954376380768,"(135, 60, 2)"
165,180,6,,0,123.75782803523985,"(135, 60, 2)"
165,180,7,,0,123.79418403139947,"(135, 60, 2)"
165,180,8,,0,123.83860464330176,"(135, 60, 2)"
165,180,9,,0,123.89108119634763,"(135, 60, 2)"
165,180,10,,0,123.95160345876934,"(135, 60, 2)"
165,180,11,,0,124.02015965156633,"(135, 60, 2)"
165,180,12,,0,124.09673645990857,"(135, 60, 2)"
165,180,13,,0,124.18131904598211,"(135, 60, 2)"
180,60,0,19.903985714285714,0,45.0,"(135, 60, 0)"
180,60,1,15.842714285714287,0,45.0,"(135, 60, 1)"
180,60,2,15.832628571428572,0,45.0,"(135, 60, 2)"
180,60,3,,0,45.0111097397076,"(135, 60, 2)"
180,60,4,,0,45.044422518220834,"(135, 60, 2)"
180,60,5,,0,45.09988913511872,"(135, 60, 2)"
180,60,6,,0,45.17742799230607,"(135, 60, 2)"
180,60,7,,0,45.27692569068709,"(135, 60, 2)"
180,60,8,,0,45.39823785126467,"(135, 60, 2)"
180,60,9,,0,45.5411901469428,"(135, 60, 2)"
180,60,10,,0,45.70557952810576,"(135, 60, 2)"
180,60,11,,0,45.89117562233506,"(135, 60, 2)"
180,60,12,,0,46.09772228646444,"(135, 60, 2)"
180,60,13,,0,46.32493928760188,"(135, 60, 2)"
180,75,0,19.457464285714288,0,47.43416490252569,"(135, 60, 0)"
180,75,1,16.867035714285713,0,47.43416490252569,"(135, 60, 1)"
180,75,2,15.606071428571427,0,47.43416490252569,"(135, 60, 2)"
180,75,3,14.307726785714285,0,47.44470465710583,"(135, 60, 2)"
180,75,4,15.134069642857144,0,47.47630988187688,"(135, 60, 2)"
180,75,5,,0,47.52893855326458,"(135, 60, 2)"
180,75,6,,0,47.60252094164762,"(135, 60, 2)"
180,75,7,,0,47.69696007084728,"(135, 60, 2)"
180,75,8,,0,47.81213235152768,"(135, 60, 2)"
180,75,9,,0,47.94788837894741,"(135, 60, 2)"
180,75,10,,0,48.104053883222775,"(135, 60, 2)"
180,75,11,,0,48.28043081829324,"(135, 60, 2)"
180,75,12,,0,48.47679857416329,"(135, 60, 2)"
180,75,13,,0,48.692915295759406,"(135, 60, 2)"
180,90,0,19.010942857142858,0,54.08326913195984,"(135, 60, 0)"
180,90,1,17.891357142857142,0,54.08326913195984,"(135, 60, 1)"
180,90,2,15.379514285714285,0,54.08326913195984,"(135, 60, 2)"
180,90,3,12.733567857142855,0,54.092513345194085,"(135, 60, 2)"
180,90,4,14.01516785714286,0,54.120236510939236,"(135, 60, 2)"
180,90,5,13.49929642857143,0,54.16641025580336,"(135, 60, 2)"
180,90,6,13.826721428571426,0,54.230987451824994,"(135, 60, 2)"
180,90,7,,0,54.31390245600108,"(135, 60, 2)"
180,90,8,,0,54.415071441651165,"(135, 60, 2)"
180,90,9,,0,54.53439281774392,"(135, 60, 2)"
180,90,10,,0,54.67174773134658,"(135, 60, 2)"
180,90,11,,0,54.8270006474912,"(135, 60, 2)"
180,90,12,,0,55.0,"(135, 60, 2)"
180,90,13,,0,55.190578906186516,"(135, 60, 2)"
180,105,0,,0,63.63961030678928,"(135, 60, 0)"
180,105,1,,0,63.63961030678928,"(135, 60, 1)"
180,105,2,,0,63.63961030678928,"(135, 60, 2)"
180,105,3,,0,63.647466563878254,"(135, 60, 2)"
180,105,4,,0,63.671029518926424,"(135, 60, 2)"
180,105,5,,0,63.7102817447859,"(135, 60, 2)"
180,105,6,,0,63.76519426771944,"(135, 60, 2)"
180,105,7,,0,63.835726674018524,"(135, 60, 2)"
180,105,8,,0,63.92182725798755,"(135, 60, 2)"
180,105,9,,0,64.02343321003646,"(135, 60, 2)"
180,105,10,,0,64.1404708432983,"(135, 60, 2)"
180,105,11,,0,64.27285585688566,"(135, 60, 2)"
180,105,12,,0,64.42049363362563,"(135, 60, 2)"
180,105,13,,0,64.5832795698701,"(135, 60, 2)"
180,120,0,,0,75.0,"(135, 60, 0)"
180,120,1,,0,75.0,"(135, 60, 1)"
180,120,2,,0,75.0,"(135, 60, 2)"
180,120,3,,0,75.0066663703967,"(135, 60, 2)"
180,120,4,,0,75.02666192761077,"(135, 60, 2)"
180,120,5,,0,75.05997601918082,"(135, 60, 2)"
180,120,6,,0,75.1065909225016,"(135, 60, 2)"
180,120,7,,0,75.16648189186454,"(135, 60, 2)"
180,120,8,,0,75.23961722390672,"(135, 60, 2)"
180,120,9,,0,75.32595834106593,"(135, 60, 2)"
180,120,10,,0,75.4254598925323,"(135, 60, 2)"
180,120,11,,0,75.53806987208503,"(135, 60, 2)"
180,120,12,,0,75.66372975210778,"(135, 60, 2)"
180,120,13,,0,75.8023746329889,"(135, 60, 2)"
180,135,0,,0,87.46427842267951,"(135, 60, 0)"
180,135,1,,0,87.46427842267951,"(135, 60, 1)"
180,135,2,,0,87.46427842267951,"(135, 60, 2)"
180,135,3,,0,87.46999485537883,"(135, 60, 2)"
180,135,4,,0,87.48714191239762,"(135, 60, 2)"
180,135,5,,0,87.51571287488893,"(135, 60, 2)"
180,135,6,,0,87.55569655939013,"(135, 60, 2)"
180,135,7,,0,87.60707733967615,"(135, 60, 2)"
180,135,8,,0,87.66983517721475,"(135, 60, 2)"
180,135,9,,0,87.74394566008529,"(135, 60, 2)"
180,135,10,,0,87.82938005018595,"(135, 60, 2)"
180,135,11,,0,87.92610533851708,"(135, 60, 2)"
180,135,12,,0,88.03408430829505,"(135, 60, 2)"
180,135,13,,0,88.15327560561774,"(135, 60, 2)"
180,150,0,,0,100.62305898749054,"(135, 60, 0)"
180,150,1,,0,100.62305898749054,"(135, 60, 1)"
180,150,2,,0,100.62305898749054,"(135, 60, 2)"
180,150,3,,0,100.62802790475425,"(135, 60, 2)"
180,150,4,,0,100.6429331846007,"(135, 60, 2)"
180,150,5,,0,100.66777041337511,"(135, 60, 2)"
180,150,6,,0,100.70253224224304,"(135, 60, 2)"
180,150,7,,0,100.74720839804942,"(135, 60, 2)"
180,150,8,,0,100.80178569846865,"(135, 60, 2)"
180,150,9,,0,100.86624807139403,"(135, 60, 2)"
180,150,10,,0,100.94057657849989,"(135, 60, 2)"
180,150,11,,0,101.02474944289642,"(135, 60, 2)"
180,150,12,,0,101.11874208078342,"(135, 60, 2)"
180,150,13,,0,101.22252713699653,"(135, 60, 2)"
180,165,0,,0,114.23659658795863,"(135, 60, 0)"
180,165,1,,0,114.23659658795863,"(135, 60, 1)"
180,165,2,,0,114.23659658795863,"(135, 60, 2)"
180,165,3,,0,114.24097338520886,"(135, 60, 2)"
180,165,4,,0,114.25410277097274,"(135, 60, 2)"
180,165,5,,0,114.27598172844546,"(135, 60, 2)"
180,165,6,,0,114.30660523346846,"(135, 60, 2)"
180,165,7,,0,114.34596626029271,"(135, 60, 2)"
180,165,8,,0,114.39405578962571,"(135, 60, 2)"
180,165,9,,0,114.45086281894078,"(135, 60, 2)"
180,165,10,,0,114.51637437502114,"(135, 60, 2)"
180,165,11,,0,114.59057552870567,"(135, 60, 2)"
180,165,12,,0,114.67344941179715,"(135, 60, 2)"
180,165,13,,0,114.76497723608888,"(135, 60, 2)"
180,180,0,,0,128.16005617976296,"(135, 60, 0)"
180,180,1,,0,128.16005617976296,"(135, 60, 1)"
180,180,2,,0,128.16005617976296,"(135, 60, 2)"
180,180,3,,0,128.16395749195638,"(135, 60, 2)"
180,180,4,,0,128.17566071606575,"(135, 60, 2)"
180,180,5,,0,128.195163715329,"(135, 60, 2)"
180,180,6,,0,128.22246293064254,"(135, 60, 2)"
180,180,7,,0,128.2575533838066,"(135, 60, 2)"
180,180,8,,0,128.30042868205857,"(135, 60, 2)"
180,180,9,,0,128.35108102388543,"(135, 60, 2)"
180,180,10,,0,128.40950120610233,"(135, 60, 2)"
180,180,11,,0,128.47567863218313,"(135, 60, 2)"
180,180,12,,0,128.5496013218244,"(135, 60, 2)"
180,180,13,,0,128.63125592172378,"(135, 60, 2)"
195,60,0,19.519814285714286,0,45.0,"(240, 60, 0)"
195,60,1,16.319085714285713,0,45.0,"(240, 60, 1)"
195,60,2,15.79197142857143,0,45.0,"(240, 60, 2)"
195,60,3,16.648014285714286,0,45.0,"(240, 60, 3)"
195,60,4,,0,45.0,"(240, 60, 4)"
195,60,5,,0,45.0111097397076,"(240, 60, 4)"
195,60,6,,0,45.044422518220834,"(240, 60, 4)"
195,60,7,,0,45.09988913511872,"(240, 60, 4)"
195,60,8,,0,45.17742799230607,"(240, 60, 4)"
195,60,9,,0,45.27692569068709,"(240, 60, 4)"
195,60,10,,0,45.39823785126467,"(240, 60, 4)"
195,60,11,,0,45.5411901469428,"(240, 60, 4)"
195,60,12,,0,45.70557952810576,"(240, 60, 4)"
195,60,13,,0,45.89117562233506,"(240, 60, 4)"
195,75,0,19.073292857142857,0,47.43416490252569,"(240, 60, 0)"
195,75,1,17.343407142857142,0,47.43416490252569,"(240, 60, 1)"
195,75,2,15.565414285714285,0,47.43416490252569,"(240, 60, 2)"
195,75,3,13.794655357142856,0,47.43416490252569,"(240, 60, 3)"
195,75,4,15.67744642857143,0,47.43416490252569,"(240, 60, 4)"
195,75,5,,0,47.44470465710583,"(240, 60, 4)"
195,75,6,,0,47.47630988187688,"(240, 60, 4)"
195,75,7,,0,47.52893855326458,"(240, 60, 4)"
195,75,8,,0,47.60252094164762,"(240, 60, 4)"
195,75,9,,0,47.69696007084728,"(240, 60, 4)"
195,75,10,,0,47.81213235152768,"(240, 60, 4)"
195,75,11,,0,47.94788837894741,"(240, 60, 4)"
195,75,12,,0,48.104053883222775,"(240, 60, 4)"
195,75,13,,0,48.28043081829324,"(240, 60, 4)"
195,90,0,,0,54.08326913195984,"(240, 60, 0)"
195,90,1,,0,54.08326913195984,"(240, 60, 1)"
195,90,2,,0,54.08326913195984,"(240, 60, 2)"
195,90,3,,0,54.08326913195984,"(240, 60, 3)"
195,90,4,,0,54.08326913195984,"(240, 60, 4)"
195,90,5,,0,54.092513345194085,"(240, 60, 4)"
195,90,6,,0,54.120236510939236,"(240, 60, 4)"
195,90,7,,0,54.16641025580336,"(240, 60, 4)"
195,90,8,,0,54.230987451824994,"(240, 60, 4)"
195,90,9,,0,54.31390245600108,"(240, 60, 4)"
195,90,10,,0,54.415071441651165,"(240, 60, 4)"
195,90,11,,0,54.53439281774392,"(240, 60, 4)"
195,90,12,,0,54.67174773134658,"(240, 60, 4)"
195,90,13,,0,54.8270006474912,"(240, 60, 4)"
195,105,0,,0,63.63961030678928,"(240, 60, 0)"
195,105,1,,0,63.63961030678928,"(240, 60, 1)"
195,105,2,,0,63.63961030678928,"(240, 60, 2)"
195,105,3,,0,63.63961030678928,"(240, 60, 3)"
195,105,4,,0,63.63961030678928,"(240, 60, 4)"
195,105,5,,0,63.647466563878254,"(240, 60, 4)"
195,105,6,,0,63.671029518926424,"(240, 60, 4)"
195,105,7,,0,63.7102817447859,"(240, 60, 4)"
195,105,8,,0,63.76519426771944,"(240, 60, 4)"
195,105,9,,0,63.835726674018524,"(240, 60, 4)"
195,105,10,,0,63.92182725798755,"(240, 60, 4)"
195,105,11,,0,64.02343321003646,"(240, 60, 4)"
195,105,12,,0,64.1404708432983,"(240, 60, 4)"
195,105,13,,0,64.27285585688566,"(240, 60, 4)"
195,120,0,,0,75.0,"(240, 60, 0)"
195,120,1,,0,75.0,"(240, 60, 1)"
195,120,2,,0,75.0,"(240, 60, 2)"
195,120,3,,0,75.0,"(240, 60, 3)"
195,120,4,,0,75.0,"(240, 60, 4)"
195,120,5,,0,75.0066663703967,"(240, 60, 4)"
195,120,6,,0,75.02666192761077,"(240, 60, 4)"
195,120,7,,0,75.05997601918082,"(240, 60, 4)"
195,120,8,,0,75.1065909225016,"(240, 60, 4)"
195,120,9,,0,75.16648189186454,"(240, 60, 4)"
195,120,10,,0,75.23961722390672,"(240, 60, 4)"
195,120,11,,0,75.32595834106593,"(240, 60, 4)"
195,120,12,,0,75.4254598925323,"(240, 60, 4)"
195,120,13,,0,75.53806987208503,"(240, 60, 4)"
195,135,0,,0,87.46427842267951,"(240, 60, 0)"
195,135,1,,0,87.46427842267951,"(240, 60, 1)"
195,135,2,,0,87.46427842267951,"(240, 60, 2)"
195,135,3,,0,87.46427842267951,"(240, 60, 3)"
195,135,4,,0,87.46427842267951,"(240, 60, 4)"
195,135,5,,0,87.46999485537883,"(240, 60, 4)"
195,135,6,,0,87.48714191239762,"(240, 60, 4)"
195,135,7,,0,87.51571287488893,"(240, 60, 4)"
195,135,8,,0,87.55569655939013,"(240, 60, 4)"
195,135,9,,0,87.60707733967615,"(240, 60, 4)"
195,135,10,,0,87.66983517721475,"(240, 60, 4)"
195,135,11,,0,87.74394566008529,"(240, 60, 4)"
195,135,12,,0,87.82938005018595,"(240, 60, 4)"
195,135,13,,0,87.92610533851708,"(240, 60, 4)"
195,150,0,,0,100.62305898749054,"(240, 60, 0)"
195,150,1,,0,100.62305898749054,"(240, 60, 1)"
195,150,2,,0,100.62305898749054,"(240, 60, 2)"
195,150,3,,0,100.62305898749054,"(240, 60, 3)"
195,150,4,,0,100.62305898749054,"(240, 60, 4)"
195,150,5,,0,100.62802790475425,"(240, 60, 4)"
195,150,6,,0,100.6429331846007,"(240, 60, 4)"
195,150,7,,0,100.66777041337511,"(240, 60, 4)"
195,150,8,,0,100.70253224224304,"(240, 60, 4)"
195,150,9,,0,100.74720839804942,"(240, 60, 4)"
195,150,10,,0,100.80178569846865,"(240, 60, 4)"
195,150,11,,0,100.86624807139403,"(240, 60, 4)"
195,150,12,,0,100.94057657849989,"(240, 60, 4)"
195,150,13,,0,101.02474944289642,"(240, 60, 4)"
195,165,0,,0,114.23659658795863,"(240, 60, 0)"
195,165,1,,0,114.23659658795863,"(240, 60, 1)"
195,165,2,,0,114.23659658795863,"(240, 60, 2)"
195,165,3,,0,114.23659658795863,"(240, 60, 3)"
195,165,4,,0,114.23659658795863,"(240, 60, 4)"
195,165,5,,0,114.24097338520886,"(240, 60, 4)"
195,165,6,,0,114.25410277097274,"(240, 60, 4)"
195,165,7,,0,114.27598172844546,"(240, 60, 4)"
195,165,8,,0,114.30660523346846,"(240, 60, 4)"
195,165,9,,0,114.34596626029271,"(240, 60, 4)"
195,165,10,,0,114.39405578962571,"(240, 60, 4)"
195,165,11,,0,114.45086281894078,"(240, 60, 4)"
195,165,12,,0,114.51637437502114,"(240, 60, 4)"
195,165,13,,0,114.59057552870567,"(240, 60, 4)"
195,180,0,,0,128.16005617976296,"(240, 60, 0)"
195,180,1,,0,128.16005617976296,"(240, 60, 1)"
195,180,2,,0,128.16005617976296,"(240, 60, 2)"
195,180,3,,0,128.16005617976296,"(240, 60, 3)"
195,180,4,,0,128.16005617976296,"(240, 60, 4)"
195,180,5,,0,128.16395749195638,"(240, 60, 4)"
195,180,6,,0,128.17566071606575,"(240, 60, 4)"
195,180,7,,0,128.195163715329,"(240, 60, 4)"
195,180,8,,0,128.22246293064254,"(240, 60, 4)"
195,180,9,,0,128.2575533838066,"(240, 60, 4)"
195,180,10,,0,128.30042868205857,"(240, 60, 4)"
195,180,11,,0,128.35108102388543,"(240, 60, 4)"
195,180,12,,0,128.40950120610233,"(240, 60, 4)"
195,180,13,,0,128.47567863218313,"(240, 60, 4)"
210,60,0,19.13564285714286,0,30.0,"(240, 60, 0)"
210,60,1,16.795457142857142,0,30.0,"(240, 60, 1)"
210,60,2,15.751314285714287,0,30.0,"(240, 60, 2)"
210,60,3,16.13494285714286,0,30.0,"(240, 60, 3)"
210,60,4,,0,30.0,"(240, 60, 4)"
210,60,5,,0,30.01666203960727,"(240, 60, 4)"
210,60,6,,0,30.066592756745816,"(240, 60, 4)"
210,60,7,,0,30.14962686336267,"(240, 60, 4)"
210,60,8,,0,30.265491900843113,"(240, 60, 4)"
210,60,9,,0,30.4138126514911,"(240, 60, 4)"
210,60,10,,0,30.59411708155671,"(240, 60, 4)"
210,60,11,,0,30.805843601498726,"(240, 60, 4)"
210,60,12,,0,31.04834939252005,"(240, 60, 4)"
210,60,13,,0,31.32091952673165,"(240, 60, 4)"
210,75,0,18.68912142857143,0,33.54101966249684,"(240, 60, 0)"
210,75,1,17.81977857142857,0,33.54101966249684,"(240, 60, 1)"
210,75,2,15.524757142857142,0,33.54101966249684,"(240, 60, 2)"
210,75,3,13.921183928571429,0,33.54101966249684,"(240, 60, 3)"
210,75,4,15.93483392857143,0,33.54101966249684,"(240, 60, 4)"
210,75,5,15.840610714285717,0,33.555923471125034,"(240, 60, 4)"
210,75,6,,0,33.60059523282288,"(240, 60, 4)"
210,75,7,,0,33.67491648096547,"(240, 60, 4)"
210,75,8,,0,33.77869150810907,"(240, 60, 4)"
210,75,9,,0,33.91164991562634,"(240, 60, 4)"
210,75,10,,0,34.07345007480164,"(240, 60, 4)"
210,75,11,,0,34.26368339802363,"(240, 60, 4)"
210,75,12,,0,34.48187929913333,"(240, 60, 4)"
210,75,13,,0,34.72751070837067,"(240, 60, 4)"
210,90,0,,0,42.42640687119285,"(240, 60, 0)"
210,90,1,,0,42.42640687119285,"(240, 60, 1)"
210,90,2,,0,42.42640687119285,"(240, 60, 2)"
210,90,3,,0,42.42640687119285,"(240, 60, 3)"
210,90,4,,0,42.42640687119285,"(240, 60, 4)"
210,90,5,,0,42.43819034784589,"(240, 60, 4)"
210,90,6,,0,42.473521163190604,"(240, 60, 4)"
210,90,7,,0,42.532340636273474,"(240, 60, 4)"
210,90,8,,0,42.61455150532503,"(240, 60, 4)"
210,90,9,,0,42.720018726587654,"(240, 60, 4)"
210,90,10,,0,42.8485705712571,"(240, 60, 4)"
210,90,11,,0,43.0,"(240, 60, 4)"
210,90,12,,0,43.174066289845804,"(240, 60, 4)"
210,90,13,,0,43.37049688440288,"(240, 60, 4)"
210,105,0,,0,54.08326913195984,"(240, 60, 0)"
210,105,1,,0,54.08326913195984,"(240, 60, 1)"
210,105,2,,0,54.08326913195984,"(240, 60, 2)"
210,105,3,,0,54.08326913195984,"(240, 60, 3)"
210,105,4,,0,54.08326913195984,"(240, 60, 4)"
210,105,5,,0,54.092513345194085,"(240, 60, 4)"
210,105,6,,0,54.120236510939236,"(240, 60, 4)"
210,105,7,,0,54.16641025580336,"(240, 60, 4)"
210,105,8,,0,54.230987451824994,"(240, 60, 4)"
210,105,9,,0,54.31390245600108,"(240, 60, 4)"
210,105,10,,0,54.415071441651165,"(240, 60, 4)"
210,105,11,,0,54.53439281774392,"(240, 60, 4)"
210,105,12,,0,54.67174773134658,"(240, 60, 4)"
210,105,13,,0,54.8270006474912,"(240, 60, 4)"
210,120,0,,0,67.08203932499369,"(240, 60, 0)"
210,120,1,,0,67.08203932499369,"(240, 60, 1)"
210,120,2,,0,67.08203932499369,"(240, 60, 2)"
210,120,3,,0,67.08203932499369,"(240, 60, 3)"
210,120,4,,0,67.08203932499369,"(240, 60, 4)"
210,120,5,,0,67.08949247087803,"(240, 60, 4)"
210,120,6,,0,67.11184694225007,"(240, 60, 4)"
210,120,7,,0,67.14908785679818,"(240, 60, 4)"
210,120,8,,0,67.20119046564577,"(240, 60, 4)"
210,120,9,,0,67.26812023536856,"(240, 60, 4)"
210,120,10,,0,67.34983296193094,"(240, 60, 4)"
210,120,11,,0,67.446274915669,"(240, 60, 4)"
210,120,12,,0,67.55738301621814,"(240, 60, 4)"
210,120,13,,0,67.68308503607086,"(240, 60, 4)"
210,135,0,,0,80.77747210701756,"(240, 60, 0)"
210,135,1,,0,80.77747210701756,"(240, 60, 1)"
210,135,2,,0,80.77747210701756,"(240, 60, 2)"
210,135,3,,0,80.77747210701756,"(240, 60, 3)"
210,135,4,,0,80.77747210701756,"(240, 60, 4)"
210,135,5,,0,80.78366171448283,"(240, 60, 4)"
210,135,6,,0,80.80222769206304,"(240, 60, 4)"
210,135,7,,0,80.83316151184488,"(240, 60, 4)"
210,135,8,,0,80.876448982383,"(240, 60, 4)"
210,135,9,,0,80.93207028119323,"(240, 60, 4)"
210,135,10,,0,81.0,"(240, 60, 4)"
210,135,11,,0,81.08020720249795,"(240, 60, 4)"
210,135,12,,0,81.17265549432271,"(240, 60, 4)"
210,135,13,,0,81.2773031048644,"(240, 60, 4)"
210,150,0,,0,94.86832980505137,"(240, 60, 0)"
210,150,1,,0,94.86832980505137,"(240, 60, 1)"
210,150,2,,0,94.86832980505137,"(240, 60, 2)"
210,150,3,,0,94.86832980505137,"(240, 60, 3)"
210,150,4,,0,94.86832980505137,"(240, 60, 4)"
210,150,5,,0,94.87360012142472,"(240, 60, 4)"
210,150,6,,0,94.88940931421166,"(240, 60, 4)"
210,150,7,,0,94.91575211733824,"(240, 60, 4)"
210,150,8,,0,94.95261976375376,"(240, 60, 4)"
210,150,9,,0,95.0,"(240, 60, 4)"
210,150,10,,0,95.05787710652916,"(240, 60, 4)"
210,150,11,,0,95.12623192369179,"(240, 60, 4)"
210,150,12,,0,95.20504188329524,"(240, 60, 4)"
210,150,13,,0,95.29428104561154,"(240, 60, 4)"
210,165,0,,0,109.20164833920778,"(240, 60, 0)"
210,165,1,,0,109.20164833920778,"(240, 60, 1)"
210,165,2,,0,109.20164833920778,"(240, 60, 2)"
210,165,3,,0,109.20164833920778,"(240, 60, 3)"
210,165,4,,0,109.20164833920778,"(240, 60, 4)"
210,165,5,,0,109.20622692868754,"(240, 60, 4)"
210,165,6,,0,109.21996154549771,"(240, 60, 4)"
210,165,7,,0,109.24284873619875,"(240, 60, 4)"
210,165,8,,0,109.27488274987991,"(240, 60, 4)"
210,165,9,,0,109.31605554537722,"(240, 60, 4)"
210,165,10,,0,109.36635680134911,"(240, 60, 4)"
210,165,11,,0,109.42577392917995,"(240, 60, 4)"
210,165,12,,0,109.49429208867465,"(240, 60, 4)"
210,165,13,,0,109.57189420649804,"(240, 60, 4)"
210,180,0,,0,123.69316876852982,"(240, 60, 0)"
210,180,1,,0,123.69316876852982,"(240, 60, 1)"
210,180,2,,0,123.69316876852982,"(240, 60, 2)"
210,180,3,,0,123.69316876852982,"(240, 60, 3)"
210,180,4,,0,123.69316876852982,"(240, 60, 4)"
210,180,5,,0,123.69721096289923,"(240, 60, 4)"
210,180,6,,0,123.70933675353692,"(240, 60, 4)"
210,180,7,,0,123.72954376380768,"(240, 60, 4)"
210,180,8,,0,123.75782803523985,"(240, 60, 4)"
210,180,9,,0,123.79418403139947,"(240, 60, 4)"
210,180,10,,0,123.83860464330176,"(240, 60, 4)"
210,180,11,,0,123.89108119634763,"(240, 60, 4)"
210,180,12,,0,123.95160345876934,"(240, 60, 4)"
210,180,13,,0,124.02015965156633,"(240, 60, 4)"
225,60,0,18.751471428571428,0,15.0,"(240, 60, 0)"
225,60,1,17.27182857142857,0,15.0,"(240, 60, 1)"
225,60,2,15.710657142857142,0,15.0,"(240, 60, 2)"
225,60,3,15.62187142857143,0,15.0,"(240, 60, 3)"
225,60,4,,0,15.0,"(240, 60, 4)"
225,60,5,,0,15.033296378372908,"(240, 60, 4)"
225,60,6,,0,15.132745950421556,"(240, 60, 4)"
225,60,7,,0,15.297058540778355,"(240, 60, 4)"
225,60,8,,0,15.524174696260024,"(240, 60, 4)"
225,60,9,,0,15.811388300841896,"(240, 60, 4)"
225,60,10,,0,16.15549442140351,"(240, 60, 4)"
225,60,11,,0,16.55294535724685,"(240, 60, 4)"
225,60,12,,0,17.0,"(240, 60, 4)"
225,60,13,,0,17.4928556845359,"(240, 60, 4)"
225,75,0,,0,21.213203435596427,"(240, 60, 0)"
225,75,1,,0,21.213203435596427,"(240, 60, 1)"
225,75,2,,0,21.213203435596427,"(240, 60, 2)"
225,75,3,,0,21.213203435596427,"(240, 60, 3)"
225,75,4,,0,21.213203435596427,"(240, 60, 4)"
225,75,5,,0,21.236760581595302,"(240, 60, 4)"
225,75,6,,0,21.307275752662516,"(240, 60, 4)"
225,75,7,,0,21.42428528562855,"(240, 60, 4)"
225,75,8,,0,21.587033144922902,"(240, 60, 4)"
225,75,9,,0,21.79449471770337,"(240, 60, 4)"
225,75,10,,0,22.045407685048602,"(240, 60, 4)"
225,75,11,,0,22.338307903688676,"(240, 60, 4)"
225,75,12,,0,22.67156809750927,"(240, 60, 4)"
225,75,13,,0,23.043437243605826,"(240, 60, 4)"
225,90,0,,0,33.54101966249684,"(240, 60, 0)"
225,90,1,,0,33.54101966249684,"(240, 60, 1)"
225,90,2,,0,33.54101966249684,"(240, 60, 2)"
225,90,3,,0,33.54101966249684,"(240, 60, 3)"
225,90,4,,0,33.54101966249684,"(240, 60, 4)"
225,90,5,,0,33.555923471125034,"(240, 60, 4)"
225,90,6,,0,33.60059523282288,"(240, 60, 4)"
225,90,7,,0,33.67491648096547,"(240, 60, 4)"
225,90,8,,0,33.77869150810907,"(240, 60, 4)"
225,90,9,,0,33.91164991562634,"(240, 60, 4)"
225,90,10,,0,34.07345007480164,"(240, 60, 4)"
225,90,11,,0,34.26368339802363,"(240, 60, 4)"
225,90,12,,0,34.48187929913333,"(240, 60, 4)"
225,90,13,,0,34.72751070837067,"(240, 60, 4)"
225,105,0,,0,47.43416490252569,"(240, 60, 0)"
225,105,1,,0,47.43416490252569,"(240, 60, 1)"
225,105,2,,0,47.43416490252569,"(240, 60, 2)"
225,105,3,,0,47.43416490252569,"(240, 60, 3)"
225,105,4,,0,47.43416490252569,"(240, 60, 4)"
225,105,5,,0,47.44470465710583,"(240, 60, 4)"
225,105,6,,0,47.47630988187688,"(240, 60, 4)"
225,105,7,,0,47.52893855326458,"(240, 60, 4)"
225,105,8,,0,47.60252094164762,"(240, 60, 4)"
225,105,9,,0,47.69696007084728,"(240, 60, 4)"
225,105,10,,0,47.81213235152768,"(240, 60, 4)"
225,105,11,,0,47.94788837894741,"(240, 60, 4)"
225,105,12,,0,48.104053883222775,"(240, 60, 4)"
225,105,13,,0,48.28043081829324,"(240, 60, 4)"
225,120,0,,0,61.84658438426491,"(240, 60, 0)"
225,120,1,,0,61.84658438426491,"(240, 60, 1)"
225,120,2,,0,61.84658438426491,"(240, 60, 2)"
225,120,3,,0,61.84658438426491,"(240, 60, 3)"
225,120,4,,0,61.84658438426491,"(240, 60, 4)"
225,120,5,,0,61.85466837676846,"(240, 60, 4)"
225,120,6,,0,61.87891401761993,"(240, 60, 4)"
225,120,7,,0,61.91930232165088,"(240, 60, 4)"
225,120,8,,0,61.97580172938467,"(240, 60, 4)"
225,120,9,,0,62.048368229954285,"(240, 60, 4)"
225,120,10,,0,62.13694553162394,"(240, 60, 4)"
225,120,11,,0,62.24146527838174,"(240, 60, 4)"
225,120,12,,0,62.36184731067546,"(240, 60, 4)"
225,120,13,,0,62.49799996799898,"(240, 60, 4)"
225,135,0,,0,76.48529270389177,"(240, 60, 0)"
225,135,1,,0,76.48529270389177,"(240, 60, 1)"
225,135,2,,0,76.48529270389177,"(240, 60, 2)"
225,135,3,,0,76.48529270389177,"(240, 60, 3)"
225,135,4,,0,76.48529270389177,"(240, 60, 4)"
225,135,5,,0,76.49182962905255,"(240, 60, 4)"
225,135,6,,0,76.51143705355429,"(240, 60, 4)"
225,135,7,,0,76.54410493303844,"(240, 60, 4)"
225,135,8,,0,76.58981655546643,"(240, 60, 4)"
225,135,9,,0,76.64854858377946,"(240, 60, 4)"
225,135,10,,0,76.72027111526653,"(240, 60, 4)"
225,135,11,,0,76.8049477572897,"(240, 60, 4)"
225,135,12,,0,76.90253571892151,"(240, 60, 4)"
225,135,13,,0,77.01298591796062,"(240, 60, 4)"
225,150,0,,0,91.2414379544733,"(240, 60, 0)"
225,150,1,,0,91.2414379544733,"(240, 60, 1)"
225,150,2,,0,91.2414379544733,"(240, 60, 2)"
225,150,3,,0,91.2414379544733,"(240, 60, 3)"
225,150,4,,0,91.2414379544733,"(240, 60, 4)"
225,150,5,,0,91.24691775616314,"(240, 60, 4)"
225,150,6,,0,91.2633551870629,"(240, 60, 4)"
225,150,7,,0,91.29074432821763,"(240, 60, 4)"
225,150,8,,0,91.32907532653553,"(240, 60, 4)"
225,150,9,,0,91.37833441248533,"(240, 60, 4)"
225,150,10,,0,91.43850392476902,"(240, 60, 4)"
225,150,11,,0,91.50956234186677,"(240, 60, 4)"
225,150,12,,0,91.59148432032315,"(240, 60, 4)"
225,150,13,,0,91.68424073961675,"(240, 60, 4)"
225,165,0,,0,106.06601717798213,"(240, 60, 0)"
225,165,1,,0,106.06601717798213,"(240, 60, 1)"
225,165,2,,0,106.06601717798213,"(240, 60, 2)"
225,165,3,,0,106.06601717798213,"(240, 60, 3)"
225,165,4,,0,106.06601717798213,"(240, 60, 4)"
225,165,5,,0,106.07073111843813,"(240, 60, 4)"
225,165,6,,0,106.08487168300671,"(240, 60, 4)"
225,165,7,,0,106.10843510296436,"(240, 60, 4)"
225,165,8,,0,106.1414151026827,"(240, 60, 4)"
225,165,9,,0,106.18380290797651,"(240, 60, 4)"
225,165,10,,0,106.23558725775464,"(240, 60, 4)"
225,165,11,,0,106.29675441893792,"(240, 60, 4)"
225,165,12,,0,106.36728820459794,"(240, 60, 4)"
225,165,13,,0,106.44716999526104,"(240, 60, 4)"
225,180,0,,0,120.93386622447825,"(240, 60, 0)"
225,180,1,,0,120.93386622447825,"(240, 60, 1)"
225,180,2,,0,120.93386622447825,"(240, 60, 2)"
225,180,3,,0,120.93386622447825,"(240, 60, 3)"
225,180,4,,0,120.93386622447825,"(240, 60, 4)"
225,180,5,,0,120.93800064495858,"(240, 60, 4)"
225,180,6,,0,120.95040305844375,"(240, 60, 4)"
225,180,7,,0,120.9710709219357,"(240, 60, 4)"
225,180,8,,0,121.0,"(240, 60, 4)"
225,180,9,,0,121.03718436910205,"(240, 60, 4)"
225,180,10,,0,121.0826164236634,"(240, 60, 4)"
225,180,11,,0,121.13628688382354,"(240, 60, 4)"
225,180,12,,0,121.19818480488888,"(240, 60, 4)"
225,180,13,,0,121.26829758844642,"(240, 60, 4)"
240,60,0,18.3673,1,0.0,"(240, 60, 0)"
240,60,1,17.7482,1,0.0,"(240, 60, 1)"
240,60,2,15.67,1,0.0,"(240, 60, 2)"
240,60,3,15.1088,1,0.0,"(240, 60, 3)"
240,60,4,17.8545,1,0.0,"(240, 60, 4)"
240,60,5,,0,1.0,"(240, 60, 4)"
240,60,6,,0,2.0,"(240, 60, 4)"
240,60,7,,0,3.0,"(240, 60, 4)"
240,60,8,,0,4.0,"(240, 60, 4)"
240,60,9,,0,5.0,"(240, 60, 4)"
240,60,10,,0,6.0,"(240, 60, 4)"
240,60,11,,0,7.0,"(240, 60, 4)"
240,60,12,,0,8.0,"(240, 60, 4)"
240,60,13,,0,9.0,"(240, 60, 4)"
240,75,0,,0,15.0,"(240, 60, 0)"
240,75,1,,0,15.0,"(240, 60, 1)"
240,75,2,,0,15.0,"(240, 60, 2)"
240,75,3,,0,15.0,"(240, 60, 3)"
240,75,4,,0,15.0,"(240, 60, 4)"
240,75,5,,0,15.033296378372908,"(240, 60, 4)"
240,75,6,,0,15.132745950421556,"(240, 60, 4)"
240,75,7,,0,15.297058540778355,"(240, 60, 4)"
240,75,8,,0,15.524174696260024,"(240, 60, 4)"
240,75,9,,0,15.811388300841896,"(240, 60, 4)"
240,75,10,,0,16.15549442140351,"(240, 60, 4)"
240,75,11,,0,16.55294535724685,"(240, 60, 4)"
240,75,12,,0,17.0,"(240, 60, 4)"
240,75,13,,0,17.4928556845359,"(240, 60, 4)"
240,90,0,,0,30.0,"(240, 60, 0)"
240,90,1,,0,30.0,"(240, 60, 1)"
240,90,2,,0,30.0,"(240, 60, 2)"
240,90,3,,0,30.0,"(240, 60, 3)"
240,90,4,,0,30.0,"(240, 60, 4)"
240,90,5,,0,30.01666203960727,"(240, 60, 4)"
240,90,6,,0,30.066592756745816,"(240, 60, 4)"
240,90,7,,0,30.14962686336267,"(240, 60, 4)"
240,90,8,,0,30.265491900843113,"(240, 60, 4)"
240,90,9,,0,30.4138126514911,"(240, 60, 4)"
240,90,10,,0,30.59411708155671,"(240, 60, 4)"
240,90,11,,0,30.805843601498726,"(240, 60, 4)"
240,90,12,,0,31.04834939252005,"(240, 60, 4)"
240,90,13,,0,31.32091952673165,"(240, 60, 4)"
240,105,0,,0,45.0,"(240, 60, 0)"
240,105,1,,0,45.0,"(240, 60, 1)"
240,105,2,,0,45.0,"(240, 60, 2)"
240,105,3,,0,45.0,"(240, 60, 3)"
240,105,4,,0,45.0,"(240, 60, 4)"
240,105,5,,0,45.0111097397076,"(240, 60, 4)"
240,105,6,,0,45.044422518220834,"(240, 60, 4)"
240,105,7,,0,45.09988913511872,"(240, 60, 4)"
240,105,8,,0,45.17742799230607,"(240, 60, 4)"
240,105,9,,0,45.27692569068709,"(240, 60, 4)"
240,105,10,,0,45.39823785126467,"(240, 60, 4)"
240,105,11,,0,45.5411901469428,"(240, 60, 4)"
240,105,12,,0,45.70557952810576,"(240, 60, 4)"
240,105,13,,0,45.89117562233506,"(240, 60, 4)"
240,120,0,,0,60.0,"(240, 60, 0)"
240,120,1,,0,60.0,"(240, 60, 1)"
240,120,2,,0,60.0,"(240, 60, 2)"
240,120,3,,0,60.0,"(240, 60, 3)"
240,120,4,,0,60.0,"(240, 60, 4)"
240,120,5,,0,60.00833275470999,"(240, 60, 4)"
240,120,6,,0,60.03332407921454,"(240, 60, 4)"
240,120,7,,0,60.07495318350236,"(240, 60, 4)"
240,120,8,,0,60.13318551349163,"(240, 60, 4)"
240,120,9,,0,60.207972893961475,"(240, 60, 4)"
240,120,10,,0,60.29925372672534,"(240, 60, 4)"
240,120,11,,0,60.40695324215582,"(240, 60, 4)"
240,120,12,,0,60.530983801686226,"(240, 60, 4)"
240,120,13,,0,60.67124524847005,"(240, 60, 4)"
240,135,0,,0,75.0,"(240, 60, 0)"
240,135,1,,0,75.0,"(240, 60, 1)"
240,135,2,,0,75.0,"(240, 60, 2)"
240,135,3,,0,75.0,"(240, 60, 3)"
240,135,4,,0,75.0,"(240, 60, 4)"
240,135,5,,0,75.0066663703967,"(240, 60, 4)"
240,135,6,,0,75.02666192761077,"(240, 60, 4)"
240,135,7,,0,75.05997601918082,"(240, 60, 4)"
240,135,8,,0,75.1065909225016,"(240, 60, 4)"
240,135,9,,0,75.16648189186454,"(240, 60, 4)"
240,135,10,,0,75.23961722390672,"(240, 60, 4)"
240,135,11,,0,75.32595834106593,"(240, 60, 4)"
240,135,12,,0,75.4254598925323,"(240, 60, 4)"
240,135,13,,0,75.53806987208503,"(240, 60, 4)"
240,150,0,,0,90.0,"(240, 60, 0)"
240,150,1,,0,90.0,"(240, 60, 1)"
240,150,2,,0,90.0,"(240, 60, 2)"
240,150,3,,0,90.0,"(240, 60, 3)"
240,150,4,,0,90.0,"(240, 60, 4)"
240,150,5,,0,90.00555538409837,"(240, 60, 4)"
240,150,6,,0,90.0222194794152,"(240, 60, 4)"
240,150,7,,0,90.0499861188218,"(240, 60, 4)"
240,150,8,,0,90.08884503644167,"(240, 60, 4)"
240,150,9,,0,90.13878188659973,"(240, 60, 4)"
240,150,10,,0,90.19977827023745,"(240, 60, 4)"
240,150,11,,0,90.27181176868004,"(240, 60, 4)"
240,150,12,,0,90.35485598461214,"(240, 60, 4)"
240,150,13,,0,90.44888059008801,"(240, 60, 4)"
240,165,0,,0,105.0,"(240, 60, 0)"
240,165,1,,0,105.0,"(240, 60, 1)"
240,165,2,,0,105.0,"(240, 60, 2)"
240,165,3,,0,105.0,"(240, 60, 3)"
240,165,4,,0,105.0,"(240, 60, 4)"
240,165,5,,0,105.00476179678711,"(240, 60, 4)"
240,165,6,,0,105.01904589168576,"(240, 60, 4)"
240,165,7,,0,105.04284840006957,"(240, 60, 4)"
240,165,8,,0,105.07616285342742,"(240, 60, 4)"
240,165,9,,0,105.11898020814318,"(240, 60, 4)"
240,165,10,,0,105.17128885774862,"(240, 60, 4)"
240,165,11,,0,105.23307464861035,"(240, 60, 4)"
240,165,12,,0,105.30432089900205,"(240, 60, 4)"
240,165,13,,0,105.38500842150178,"(240, 60, 4)"
240,180,0,,0,120.0,"(240, 60, 0)"
240,180,1,,0,120.0,"(240, 60, 1)"
240,180,2,,0,120.0,"(240, 60, 2)"
240,180,3,,0,120.0,"(240, 60, 3)"
240,180,4,,0,120.0,"(240, 60, 4)"
240,180,5,,0,120.00416659433121,"(240, 60, 4)"
240,180,6,,0,120.01666550941998,"(240, 60, 4)"
240,180,7,,0,120.03749414245534,"(240, 60, 4)"
240,180,8,,0,120.06664815842908,"(240, 60, 4)"
240,180,9,,0,120.10412149464314,"(240, 60, 4)"
240,180,10,,0,120.14990636700472,"(240, 60, 4)"
240,180,11,,0,120.20399327809372,"(240, 60, 4)"
240,180,12,,0,120.26637102698326,"(240, 60, 4)"
240,180,13,,0,120.33702672078948,"(240, 60, 4)"
