Sample_Name,Serial_Number,Location,Site,Core,Dive,Cylinder,Surface,Depth,Latitude_DDM,Longitude_DDM,Latitude_deg,Longitude_deg,Latitude_rel_deg,Longitude_rel_deg,Latitude_rel_cm,Longitude_rel_cm,Horizon,horizon1,horizon2,AverageDepth,Sulfide,Ferrozine,d13C_DIC,DIC,pH,temp_10cmbsf,temp_15cmbsf,temp_30cmbsf,Fluoride,Acetate,Formate,Chloride,Bromide,Nitrate,Sulfate,Thiosulfate,Phosphate,Lithium,Sodium,Ammonium,Potassium,Magnesium,Calcium
FK181031-11703,11703,Auka,Diane's vent,PC5,S0193,PC5_S0193,blue mat,3656.64,23 57.28961 N,108 51.78176 W,23.95482683,-108.8630293,0.01379883,0.000214,153167.013,2375.4,0_1,0,1,0.5,1,,,,7.3,,,,0.011,0.0084,0.0067,496.2718,0.8834,0.0377,16.3847,0.1458,,0.0041,365.4783,1.4723,15.4432,48.2874,9.9442
FK181031-11704,11704,Auka,Diane's vent,PC5,S0193,PC5_S0193,blue mat,3656.64,23 57.28961 N,108 51.78176 W,23.95482683,-108.8630293,0.01379883,0.000214,153167.013,2375.4,1_2,1,2,1.5,3.78,,,,7,,,,,,0.0005,506.1756,0.9117,0.0384,8.85,0.244,,0.0082,369.3463,2.6566,18.7816,43.0137,8.8904
FK181031-11705,11705,Auka,Diane's vent,PC5,S0193,PC5_S0193,blue mat,3656.64,23 57.28961 N,108 51.78176 W,23.95482683,-108.8630293,0.01379883,0.000214,153167.013,2375.4,2_3,2,3,2.5,4.4,,,,,,,,,,0.0003,514.5122,0.9289,,7.3256,0.2813,,0.0094,376.7202,3.0836,19.5548,42.234,8.999
FK181031-11706,11706,Auka,Diane's vent,PC5,S0193,PC5_S0193,blue mat,3656.64,23 57.28961 N,108 51.78176 W,23.95482683,-108.8630293,0.01379883,0.000214,153167.013,2375.4,3_4,3,4,3.5,3.25,,,,7,,,,,,,449.938,0.8211,0.0363,6.1904,0.2328,,0.0082,303.8469,2.6713,17.4215,35.6576,9.2249
FK181031-11707,11707,Auka,Diane's vent,PC5,S0193,PC5_S0193,blue mat,3656.64,23 57.28961 N,108 51.78176 W,23.95482683,-108.8630293,0.01379883,0.000214,153167.013,2375.4,4_5,4,5,4.5,3.11,,,,7.1,,,,,,,513.482,0.925,,7.8928,0.1656,,0.0093,377.5113,3.12,19.1705,42.6345,10.004
FK181031-11708,11708,Auka,Diane's vent,PC5,S0193,PC5_S0193,blue mat,3656.64,23 57.28961 N,108 51.78176 W,23.95482683,-108.8630293,0.01379883,0.000214,153167.013,2375.4,5_6,5,6,5.5,2.1,,,,6.9,,,,,,,460.5657,0.9198,,7.131,0.2351,,0.0097,297.9516,2.5289,19.7086,41.8211,9.0542
FK181031-11709,11709,Auka,Diane's vent,PC5,S0193,PC5_S0193,blue mat,3656.64,23 57.28961 N,108 51.78176 W,23.95482683,-108.8630293,0.01379883,0.000214,153167.013,2375.4,6_9,6,9,7.5,4.21,,,,6.8,,,,,,,524.2726,0.9514,,5.9329,0.251,,0.0108,386.6279,3.539,20.6987,41.381,7.565
FK181031-11713,11713,Auka,Diane's vent,PC3,S0193,PC3_S0193,blue mat,3656.64,23 57.28961 N,108 51.78176 W,23.95482683,-108.8630293,0.01379883,0.000214,153167.013,2375.4,0_3,0,3,1.5,,,,,,,,,,,,,,,,,,,,,,,
FK181031-11721,11721,Auka,Diane's vent,PC7,S0193,PC7_S0193,peach mat,3656.7,23 57.29105 N,108 51.78176 W,23.95485083,-108.8630293,0.01382283,0.000214,153433.413,2375.4,0_1,0,1,0.5,0.38,,,,7,,,,0.0678,0.0421,,553.7947,0.7502,0.7852,31.5193,,,0.0429,467.1487,0.4534,10.8859,50.203,10.775
FK181031-11722,11722,Auka,Diane's vent,PC7,S0193,PC7_S0193,peach mat,3656.7,23 57.29105 N,108 51.78176 W,23.95485083,-108.8630293,0.01382283,0.000214,153433.413,2375.4,1_2,1,2,1.5,0.25,,,,6.9,,,,0.0816,0.4533,,600.4674,0.8874,1.3012,29.9358,,,0.0713,487.6223,0.756,13.1275,57.9441,12.8001
FK181031-11723,11723,Auka,Diane's vent,PC7,S0193,PC7_S0193,peach mat,3656.7,23 57.29105 N,108 51.78176 W,23.95485083,-108.8630293,0.01382283,0.000214,153433.413,2375.4,2_3,2,3,2.5,0.26,,,,7.2,,,,0.0537,0.0253,,602.336,0.8838,0.9564,24.4984,0.0587,,0.1824,487.4183,1.2917,14.0424,53.677,12.2376
FK181031-11724,11724,Auka,Diane's vent,PC7,S0193,PC7_S0193,peach mat,3656.7,23 57.29105 N,108 51.78176 W,23.95485083,-108.8630293,0.01382283,0.000214,153433.413,2375.4,3_4,3,4,3.5,2.18,,,,,,,,,,,612.8478,0.9161,0.304,20.6234,0.221,,0.2993,496.4478,1.7577,15.2035,51.5911,12.6308
FK181031-11725,11725,Auka,Diane's vent,PC7,S0193,PC7_S0193,peach mat,3656.7,23 57.29105 N,108 51.78176 W,23.95485083,-108.8630293,0.01382283,0.000214,153433.413,2375.4,4_5,4,5,4.5,5.45,,,,,,,,,,,618.5182,0.9187,0.0789,10.0629,0.2516,,0.66,499.3256,2.6146,17.5702,43.7716,12.5911
FK181031-11726,11726,Auka,Diane's vent,PC7,S0193,PC7_S0193,peach mat,3656.7,23 57.29105 N,108 51.78176 W,23.95485083,-108.8630293,0.01382283,0.000214,153433.413,2375.4,5_6,5,6,5.5,0.9,,,,,,,,,0.0256,,647.2829,0.9886,,2.4728,0.457,,1.0799,513.3818,3.7169,21.1396,37.9884,9.0988
FK181031-11727,11727,Auka,Diane's vent,PC7,S0193,PC7_S0193,peach mat,3656.7,23 57.29105 N,108 51.78176 W,23.95485083,-108.8630293,0.01382283,0.000214,153433.413,2375.4,6_9,6,9,7.5,7.82,,,,6.8,,,,,,,640.7627,0.9667,,6.4045,0.2162,,0.8631,514.4884,2.873,19.3661,41.3041,13.15
FK181031-11728,11728,Auka,Diane's vent,PC7,S0193,PC7_S0193,peach mat,3656.7,23 57.29105 N,108 51.78176 W,23.95485083,-108.8630293,0.01382283,0.000214,153433.413,2375.4,9_12,9,12,10.5,7.64,,,,6.9,,,,,,,642.2033,0.9904,0.3205,1.2631,0.2547,,1.1744,513.7325,4.2429,22.2625,37.1396,8.1903
FK181031-11729,11729,Auka,Diane's vent,PC7,S0193,PC7_S0193,peach mat,3656.7,23 57.29105 N,108 51.78176 W,23.95485083,-108.8630293,0.01382283,0.000214,153433.413,2375.4,12_15,12,15,13.5,7.7,,,,7,,,,,0.0361,,649.7421,0.9921,,1.3403,0.3577,,1.1916,518.0998,4.1996,22.5604,37.2565,8.3737
FK181031-11730,11730,Auka,Diane's vent,PC7,S0193,PC7_S0193,peach mat,3656.7,23 57.29105 N,108 51.78176 W,23.95485083,-108.8630293,0.01382283,0.000214,153433.413,2375.4,15_18,15,18,16.5,2.89,,,,,,,,,,,641.7595,0.9848,,1.5097,0.2884,,1.1876,518.933,4.2224,22.7067,37.3546,7.7778
FK181031-11732,11732,Auka,unknown,PC1,S0193,PC1_S0193,Gray mat by snail patch,3657.85,23 57.22692 N,108 51.7723 W,23.953782,-108.8628717,0.012754,0.0003716,141569.4,4124.76,0_3,0,3,1.5,,,,,,,,10.99,,,,,,,,,,,,,,,
FK181031-11735,11735,Auka,unknown,PC1,S0193,PC1_S0193,Gray mat by snail patch,3657.85,23 57.22692 N,108 51.7723 W,23.953782,-108.8628717,0.012754,0.0003716,141569.4,4124.76,10_13,10,13,11.5,,,,,,,,10.99,,,,,,,,,,,,,,,
FK181031-11737,11737,Auka,unknown,PC2,S0193,PC2_S0193,Gray mat by snail patch,3657.85,23 57.22692 N,108 51.7723 W,23.953782,-108.8628717,0.012754,0.0003716,141569.4,4124.76,0_3,0,3,1.5,4.91,,,,,,,10.99,0.0093,,,438.7982,0.8098,0.0376,17.3937,0.322,,0.0083,282.0284,2.3238,15.8434,44.2195,12.248
FK181031-11738,11738,Auka,unknown,PC2,S0193,PC2_S0193,Gray mat by snail patch,3657.85,23 57.22692 N,108 51.7723 W,23.953782,-108.8628717,0.012754,0.0003716,141569.4,4124.76,3_6,3,6,4.5,4.36,,,,,,,10.99,0.0224,,,496.8764,0.9022,0.0367,15.6938,0.2391,,0.014,352.7064,3.8765,19.9567,45.1196,12.714
FK181031-11739,11739,Auka,unknown,PC2,S0193,PC2_S0193,Gray mat by snail patch,3657.85,23 57.22692 N,108 51.7723 W,23.953782,-108.8628717,0.012754,0.0003716,141569.4,4124.76,6_9,6,9,7.5,4.57,,,,6.8,,,10.99,0.0089,,0.0003,487.5317,0.8969,,13.1993,0.4381,,0.0173,339.4359,4.635,21.3896,41.8845,13.6984
FK181031-11740,11740,Auka,unknown,PC2,S0193,PC2_S0193,Gray mat by snail patch,3657.85,23 57.22692 N,108 51.7723 W,23.953782,-108.8628717,0.012754,0.0003716,141569.4,4124.76,9_12,9,12,10.5,1.15,,,,7.14,,,10.99,,,0.0005,458.0254,0.8546,0.0411,11.4029,0.2148,,0.0175,301.5057,4.5982,20.6715,38.0263,12.3914
FK181031-11745,11745,Auka,Z vent,PC4,S0194,PC4_S0194,Blue/white flocky mat,3677.99,23 57.41007 N,108 51.76061 W,23.9568345,-108.8626768,0.0158065,0.0005665,175452.15,6288.15,0_1,0,1,0.5,4.29,,,,7.1,,,,0.076,,,633.2228,0.9361,,21.2351,0.3735,,0.5031,520.0877,1.8261,16.8643,53.0332,12.9922
FK181031-11746,11746,Auka,Z vent,PC4,S0194,PC4_S0194,Blue/white flocky mat,3677.99,23 57.41007 N,108 51.76061 W,23.9568345,-108.8626768,0.0158065,0.0005665,175452.15,6288.15,1_2,1,2,1.5,5.89,,,,,,,,0.0711,,,621.6225,0.9337,,17.6924,0.5215,,0.6817,514.6506,2.3603,18.2605,50.2191,13.1419
FK181031-11747,11747,Auka,Z vent,PC4,S0194,PC4_S0194,Blue/white flocky mat,3677.99,23 57.41007 N,108 51.76061 W,23.9568345,-108.8626768,0.0158065,0.0005665,175452.15,6288.15,2_3,2,3,2.5,12.22,,,,7,,,,0.0699,0.0394,,665.5592,0.9987,,13.7795,0.5224,,1.0436,551.3507,2.9229,20.5254,50.8802,15.2383
FK181031-11748,11748,Auka,Z vent,PC4,S0194,PC4_S0194,Blue/white flocky mat,3677.99,23 57.41007 N,108 51.76061 W,23.9568345,-108.8626768,0.0158065,0.0005665,175452.15,6288.15,3_4,3,4,3.5,12.2,,,,6.9,,,,0.0678,,,609.7112,0.9267,,11.1208,0.6622,,1.0714,508.356,3.004,19.5171,45.9738,11.5376
FK181031-11749,11749,Auka,Z vent,PC4,S0194,PC4_S0194,Blue/white flocky mat,3677.99,23 57.41007 N,108 51.76061 W,23.9568345,-108.8626768,0.0158065,0.0005665,175452.15,6288.15,4_5,4,5,4.5,3.43,,,,,,,,0.0992,0.041,,610.7966,0.9162,,9.9542,0.4616,,1.1056,503.3391,3.1282,19.1112,47.7527,9.3376
FK181031-11751,11751,Auka,Z vent,PC4,S0194,PC4_S0194,Blue/white flocky mat,3677.99,23 57.41007 N,108 51.76061 W,23.9568345,-108.8626768,0.0158065,0.0005665,175452.15,6288.15,8_11,8,11,9.5,9.41,,,,7.4,,,,0.0692,,,598.1091,0.8989,,9.524,0.4448,,1.1308,497.278,2.9662,18.3496,44.9723,12.0259
FK181031-11753,11753,Auka,Z vent,PC4,S0194,PC4_S0194,Blue/white flocky mat,3677.99,23 57.41007 N,108 51.76061 W,23.9568345,-108.8626768,0.0158065,0.0005665,175452.15,6288.15,14_17,14,17,15.5,4.8,,,,7.2,,,,0.0601,,,600.2768,0.9062,,9.2418,0.6193,,1.1463,499.1113,3.1821,18.2867,44.6916,10.4828
FK181031-11760,11760,Auka,Z vent,PC3,S0194,PC3_S0194,Blue/white flocky mat,3677.99,23 57.41007 N,108 51.76061 W,23.9568345,-108.8626768,0.0158065,0.0005665,175452.15,6288.15,0_3,0,3,1.5,,,,,,,,,,,,,,,,,,,,,,,
FK181031-11763,11763,Auka,Z vent,PC3,S0194,PC3_S0194,Blue/white flocky mat,3677.99,23 57.41007 N,108 51.76061 W,23.9568345,-108.8626768,0.0158065,0.0005665,175452.15,6288.15,9_12,9,12,10.5,,,,,,,,,,,,,,,,,,,,,,,
FK181031-11770,11770,Auka,Diane's vent,PC1,S0194,PC1_S0194,thick white mat,3659.14,23 57.27891 N,108 51.7946 W,23.9546485,-108.8632433,0.0136205,0,151187.55,0,0_3,0,3,1.5,10.22,,,,7.2,,54.78,112.2,,,,490.199,0.8719,0.035,10.9612,0.4503,,0.0034,345.871,1.4611,13.0217,50.0851,7.4346
FK181031-11771,11771,Auka,Diane's vent,PC1,S0194,PC1_S0194,thick white mat,3659.14,23 57.27891 N,108 51.7946 W,23.9546485,-108.8632433,0.0136205,0,151187.55,0,3_6,3,6,4.5,8.45,,,,6.9,,54.78,112.2,,,,508.7402,0.9144,,9.1837,0.2809,,0.007,363.8479,2.3595,15.1109,46.8343,7.7006
FK181031-11772,11772,Auka,Z vent,PC0,S0194,PC0_S0194,peach mat,3685.44,23 57.42174 N,108 51.7309 W,23.957029,-108.8621817,0.016001,0.0010616,177611.1,11783.76,0_1,0,1,0.5,0.27,,,,7.9,,,,0.0089,0.0047,,466.0461,0.8315,0.1967,26.2673,,,0.0008,329.5347,0.8762,12.6581,56.4273,9.2932
FK181031-11773,11773,Auka,Z vent,PC0,S0194,PC0_S0194,peach mat,3685.44,23 57.42174 N,108 51.7309 W,23.957029,-108.8621817,0.016001,0.0010616,177611.1,11783.76,1_2,1,2,1.5,0.46,,,,,,,,0.0147,1.2858,,477.5228,0.8407,0.673,21.3077,0.0826,,0.0016,335.7815,3.1127,14.0804,56.8865,12.13
FK181031-11774,11774,Auka,Z vent,PC0,S0194,PC0_S0194,peach mat,3685.44,23 57.42174 N,108 51.7309 W,23.957029,-108.8621817,0.016001,0.0010616,177611.1,11783.76,2_3,2,3,2.5,2.95,,,,,,,,0.0078,0.0066,,431.5418,0.7786,0.3065,13.4819,0.2923,,0.003,272.8948,2.1942,14.2939,47.888,6.3098
FK181031-11775,11775,Auka,Z vent,PC0,S0194,PC0_S0194,peach mat,3685.44,23 57.42174 N,108 51.7309 W,23.957029,-108.8621817,0.016001,0.0010616,177611.1,11783.76,3_4,3,4,3.5,10.67,,,,7.3,,,,0.0104,0.2069,0.0007,513.0009,0.9215,0.1197,4.2828,0.6614,,0.0119,357.8299,3.8498,19.2783,46.4467,6.7922
FK181031-11776,11776,Auka,Z vent,PC0,S0194,PC0_S0194,peach mat,3685.44,23 57.42174 N,108 51.7309 W,23.957029,-108.8621817,0.016001,0.0010616,177611.1,11783.76,4_5,4,5,4.5,9.06,,,,,,,,,,,520.7532,0.9553,0.049,0.1536,0.3162,,0.022,367.4608,5.0597,22.8803,38.3971,10.2897
FK181031-11777,11777,Auka,Z vent,PC0,S0194,PC0_S0194,peach mat,3685.44,23 57.42174 N,108 51.7309 W,23.957029,-108.8621817,0.016001,0.0010616,177611.1,11783.76,5_8,5,8,6.5,7.97,,,,7.3,,,,,,,526.1477,0.9843,0.0348,,0.6304,,0.0345,365.4619,6.5252,26.0057,30.7198,16.4139
FK181031-11778,11778,Auka,Z vent,PC0,S0194,PC0_S0194,peach mat,3685.44,23 57.42174 N,108 51.7309 W,23.957029,-108.8621817,0.016001,0.0010616,177611.1,11783.76,8_11,8,11,9.5,11.49,,,,7,,,,,,0.0002,546.0474,1.0385,0.0372,,0.459,,0.0517,381.9083,8.5878,30.5377,22.2461,25.5981
FK181031-11779,11779,Auka,Z vent,PC0,S0194,PC0_S0194,peach mat,3685.44,23 57.42174 N,108 51.7309 W,23.957029,-108.8621817,0.016001,0.0010616,177611.1,11783.76,11_14,11,14,12.5,6.81,,,,7,,,,,,,560.0476,1.0754,,,0.2272,,0.0636,393.4938,9.7592,33.3946,17.1903,30.1841
FK181031-11780,11780,Auka,Z vent,PC2,S0194,PC2_S0194,peach mat,3685.44,23 57.42174 N,108 51.7309 W,23.957029,-108.8621817,0.016001,0.0010616,177611.1,11783.76,0_3,0,3,1.5,,,,,,,,,,,,,,,,,,,,,,,
FK181031-11783,11783,Auka,Z vent,PC2,S0194,PC2_S0194,peach mat,3685.44,23 57.42174 N,108 51.7309 W,23.957029,-108.8621817,0.016001,0.0010616,177611.1,11783.76,9_12,9,12,10.5,,,,,,,,,,,,,,,,,,,,,,,
FK181031-11802,11802,Auka,Z vent,PC7,S0196,PC7_S0196,oily fried egg mat - yellow,3687.33,23 57.37 N,108 51.71424 W,23.95616667,-108.861904,0.01513867,0.0013393,168039.237,14866.23,0_1,0,1,0.5,0.01,,,,6.1,,103,128,0.1046,,,602.0451,0.9212,,21.0565,,,2.0985,499.5854,5.6337,21.7806,40.5307,23.4883
FK181031-11803,11803,Auka,Z vent,PC7,S0196,PC7_S0196,oily fried egg mat - yellow,3687.33,23 57.37 N,108 51.71424 W,23.95616667,-108.861904,0.01513867,0.0013393,168039.237,14866.23,1_2,1,2,1.5,0.01,,,,,,103,128,0.1028,,,608.4932,0.9565,,14.4136,0.0614,,3.9238,487.4446,8.4312,26.7336,26.1534,31.418
FK181031-11804,11804,Auka,Z vent,PC7,S0196,PC7_S0196,oily fried egg mat - yellow,3687.33,23 57.37 N,108 51.71424 W,23.95616667,-108.861904,0.01513867,0.0013393,168039.237,14866.23,2_3,2,3,2.5,0.01,,,,6.7,,103,128,0.147,,,629.2027,1.0136,,15.9546,0.0592,,3.8162,518.8942,8.163,27.5849,31.6062,30.474
FK181031-11811,11811,Auka,Z vent,PC6,S0196,PC6_S0196,grey mat outside oily fried egg mat,3687.76,23 57.37072 N,108 51.71493 W,23.95617867,-108.8619155,0.01515067,0.0013278,168172.437,14738.58,0_1,0,1,0.5,1.26,,,,6.2,,19,22.6,0.0365,,,485.4311,0.8835,,20.5577,0.1266,,0.0168,338.7361,3.6546,18.2226,42.7971,19.1111
FK181031-11812,11812,Auka,Z vent,PC6,S0196,PC6_S0196,grey mat outside oily fried egg mat,3687.76,23 57.37072 N,108 51.71493 W,23.95617867,-108.8619155,0.01515067,0.0013278,168172.437,14738.58,1_2,1,2,1.5,2.16,,,,6.1,,19,22.6,0.044,,,499.4868,0.9134,,18.7972,0.0807,,0.0232,350.164,4.5173,20.4837,38.7628,19.8198
FK181031-11813,11813,Auka,Z vent,PC6,S0196,PC6_S0196,grey mat outside oily fried egg mat,3687.76,23 57.37072 N,108 51.71493 W,23.95617867,-108.8619155,0.01515067,0.0013278,168172.437,14738.58,2_3,2,3,2.5,2.01,,,,5.9,,19,22.6,0.0381,,,507.5901,0.9421,,14.4674,0.137,,0.0358,350.8377,6.5867,24.7877,31.129,23.3316
FK181031-11814,11814,Auka,Z vent,PC6,S0196,PC6_S0196,grey mat outside oily fried egg mat,3687.76,23 57.37072 N,108 51.71493 W,23.95617867,-108.8619155,0.01515067,0.0013278,168172.437,14738.58,3_4,3,4,3.5,1.3,,,,5.9,,19,22.6,0.0368,,,557.358,1.0787,,5.9476,0.0985,,0.0754,386.4676,12.3082,37.6058,14.5281,34.1253
FK181031-11815,11815,Auka,Z vent,PC6,S0196,PC6_S0196,grey mat outside oily fried egg mat,3687.76,23 57.37072 N,108 51.71493 W,23.95617867,-108.8619155,0.01515067,0.0013278,168172.437,14738.58,4_5,4,5,4.5,0.68,,,,5.9,,19,22.6,0.0198,0.0091,,571.4095,1.1333,,2.7237,0.0776,,0.0936,396.8836,14.3784,41.9749,8.9332,37.2209
FK181031-11816,11816,Auka,Z vent,PC6,S0196,PC6_S0196,grey mat outside oily fried egg mat,3687.76,23 57.37072 N,108 51.71493 W,23.95617867,-108.8619155,0.01515067,0.0013278,168172.437,14738.58,5_8,5,8,6.5,0.76,,,,5.6,,19,22.6,0.0116,0.0095,,589.4229,1.1675,,2.8808,0.1286,,0.0976,415.7654,14.7845,41.794,8.3101,39.705
FK181031-11817,11817,Auka,Z vent,PC6,S0196,PC6_S0196,grey mat outside oily fried egg mat,3687.76,23 57.37072 N,108 51.71493 W,23.95617867,-108.8619155,0.01515067,0.0013278,168172.437,14738.58,8_11,8,11,9.5,0.03,,,,6.5,,19,22.6,0.0293,0.0237,,604.0621,1.2052,,0.7051,0.0699,,0.1092,420.199,15.6545,43.7445,4.2604,43.3675
FK181031-11818,11818,Auka,Z vent,PC6,S0196,PC6_S0196,grey mat outside oily fried egg mat,3687.76,23 57.37072 N,108 51.71493 W,23.95617867,-108.8619155,0.01515067,0.0013278,168172.437,14738.58,11_14,11,14,12.5,0.01,,,,6.6,,19,22.6,0.0391,0.0667,,602.2491,1.2021,,2.0148,0.0557,,0.1038,421.5538,15.0011,42.1369,6.5312,42.9895
FK181031-11834,11834,Auka,Z vent,PC1,S0196,PC1_S0196,hot mat,3687.52,23 57.36971 N,108 51.71488 W,23.95616183,-108.8619147,0.01513383,0.0013286,167985.513,14747.46,0_3,0,3,1.5,,,,,,,,,,,,,,,,,,,,,,,
FK181031-11839,11839,Auka,Z vent,PC8,S0196,PC8_S0196,oily fried egg mat - white,3687.46,23 57.3706 N,108 51.71501 W,23.95617667,-108.8619168,0.01514867,0.0013265,168150.237,14724.15,0_3,0,3,1.5,,,,,,,50,93,,,,,,,,,,,,,,,
FK181031-11844,11844,Auka,Z vent,PC5,S0196,PC5_S0196,oily fried egg mat - white,3687.68,23 57.37005 N,108 51.71369 W,23.9561675,-108.8618948,0.0151395,0.0013485,168048.45,14968.35,0_1,0,1,0.5,0.14,,,,6.3,,50,93,0.0336,,,516.6425,0.9546,,18.3673,0.07,,0.0271,362.8919,5.9716,23.3734,39.1882,20.7211
FK181031-11845,11845,Auka,Z vent,PC5,S0196,PC5_S0196,oily fried egg mat - white,3687.68,23 57.37005 N,108 51.71369 W,23.9561675,-108.8618948,0.0151395,0.0013485,168048.45,14968.35,1_2,1,2,1.5,0.07,,,,6.8,,50,93,0.0397,,,513.454,0.9439,,17.7482,0.0545,,0.0281,360.2369,6.2443,23.8366,38.3399,20.9168
FK181031-11846,11846,Auka,Z vent,PC5,S0196,PC5_S0196,oily fried egg mat - white,3687.68,23 57.37005 N,108 51.71369 W,23.9561675,-108.8618948,0.0151395,0.0013485,168048.45,14968.35,2_3,2,3,2.5,0.51,,,,6.1,,50,93,0.0319,,,523.3133,0.9722,,15.67,0.0997,,0.0366,364.7588,7.4995,25.2189,33.178,24.454
FK181031-11847,11847,Auka,Z vent,PC5,S0196,PC5_S0196,oily fried egg mat - white,3687.68,23 57.37005 N,108 51.71369 W,23.9561675,-108.8618948,0.0151395,0.0013485,168048.45,14968.35,3_4,3,4,3.5,0.17,,,,6.4,,50,93,0.0557,,,537.7533,0.997,,15.1088,0.0721,,0.0411,381.1194,7.9596,26.0799,32.1619,25.882
FK181031-11848,11848,Auka,Z vent,PC5,S0196,PC5_S0196,oily fried egg mat - white,3687.68,23 57.37005 N,108 51.71369 W,23.9561675,-108.8618948,0.0151395,0.0013485,168048.45,14968.35,4_5,4,5,4.5,0.08,,,,6.5,,50,93,0.0508,,,541.3919,0.9958,,17.8545,0.0656,,0.0329,386.9971,6.9597,24.4223,37.9314,23.3455
FK181031-11859,11859,JaichMaat,Abuelita,PC1,S0197,PC1_S0197,grey mat,3692.74,23 56.54133 N,108 51.34949 W,23.9423555,-108.8558248,0.0013275,0.0074185,14735.25,82345.35,0_1,0,1,0.5,0.32,,,,7,,,20.8,0.0205,,,524.2888,0.9467,,17.0909,0.1357,,0.0213,377.5365,4.2963,22.1568,42.3496,16.839
FK181031-11860,11860,JaichMaat,Abuelita,PC1,S0197,PC1_S0197,grey mat,3692.74,23 56.54133 N,108 51.34949 W,23.9423555,-108.8558248,0.0013275,0.0074185,14735.25,82345.35,1_2,1,2,1.5,0.91,,,,6.6,,,20.8,0.0209,,,526.4495,0.952,,16.7712,0.1818,,0.022,378.9592,4.4464,22.4046,42.2045,17.4909
FK181031-11861,11861,JaichMaat,Abuelita,PC1,S0197,PC1_S0197,grey mat,3692.74,23 56.54133 N,108 51.34949 W,23.9423555,-108.8558248,0.0013275,0.0074185,14735.25,82345.35,2_3,2,3,2.5,1.01,,,,6.5,,,20.8,0.0214,,,524.1619,0.954,,16.4481,0.2645,,0.0227,378.3955,4.6344,22.8201,41.5421,17.2358
FK181031-11862,11862,JaichMaat,Abuelita,PC1,S0197,PC1_S0197,grey mat,3692.74,23 56.54133 N,108 51.34949 W,23.9423555,-108.8558248,0.0013275,0.0074185,14735.25,82345.35,3_4,3,4,3.5,0.52,,,,6.7,,,20.8,0.0198,,,523.128,0.9507,,14.3563,0.1795,,0.0241,381.9182,4.8055,23.4896,40.7443,15.5996
FK181031-11863,11863,JaichMaat,Abuelita,PC1,S0197,PC1_S0197,grey mat,3692.74,23 56.54133 N,108 51.34949 W,23.9423555,-108.8558248,0.0013275,0.0074185,14735.25,82345.35,4_5,4,5,4.5,0.25,,,,7,,,20.8,0.0155,,,542.1185,0.9799,,14.0234,0.1426,,0.0294,390.8255,5.7464,26.2474,38.6876,21.7153
FK181031-11864,11864,JaichMaat,Abuelita,PC1,S0197,PC1_S0197,grey mat,3692.74,23 56.54133 N,108 51.34949 W,23.9423555,-108.8558248,0.0013275,0.0074185,14735.25,82345.35,5_8,5,8,6.5,0.3,,,,7,,,20.8,0.0178,,,552.1408,1.024,,8.5445,0.1387,,0.0466,390.119,8.291,32.4668,28.7666,26.505
FK181031-11865,11865,JaichMaat,Abuelita,PC1,S0197,PC1_S0197,grey mat,3692.74,23 56.54133 N,108 51.34949 W,23.9423555,-108.8558248,0.0013275,0.0074185,14735.25,82345.35,8_11,8,11,9.5,0.25,,,,,,,20.8,,,,562.1951,1.0735,,4.9155,0.1069,,0.0624,399.1088,10.0475,36.0696,21.8305,32.1689
FK181031-11866,11866,JaichMaat,Abuelita,PC1,S0197,PC1_S0197,grey mat,3692.74,23 56.54133 N,108 51.34949 W,23.9423555,-108.8558248,0.0013275,0.0074185,14735.25,82345.35,11_14,11,14,12.5,0.58,,,,6.6,,,20.8,0.0002,,,565.3198,1.0749,0.0397,5.205,0.1244,,0.0635,400.0624,10.2942,35.768,21.491,31.4039
FK181031-11867,11867,JaichMaat,Abuelita,PC1,S0197,PC1_S0197,grey mat,3692.74,23 56.54133 N,108 51.34949 W,23.9423555,-108.8558248,0.0013275,0.0074185,14735.25,82345.35,14_17,14,17,15.5,0.32,,,,6.8,,,20.8,0.0021,,,551.9059,1.0359,,6.5703,0.1163,,0.0581,388.2782,9.7605,33.879,22.1977,31.4041
FK181031-11889,11889,JaichMaat,Abuelita,PC5,S0197,PC5_S0197,background,3692.34,23 56.54328 N,108 51.34193 W,23.942388,-108.8556988,0.00136,0.0075445,15096,83743.95,0_3,0,3,1.5,0.01,,,,7.2,,,,0.0132,,,474.9636,0.8288,,28.309,,,,338.7468,0.075,12.041,57.0609,10.6313
FK181031-11890,11890,JaichMaat,Abuelita,PC5,S0197,PC5_S0197,background,3692.34,23 56.54328 N,108 51.34193 W,23.942388,-108.8556988,0.00136,0.0075445,15096,83743.95,3_6,3,6,4.5,0.01,,,,7.4,,,,0.0143,,,476.2388,0.8324,0.0397,28.2883,,,,339.0731,0.0661,12.5754,56.3494,10.5535
FK181031-11891,11891,JaichMaat,Abuelita,PC5,S0197,PC5_S0197,background,3692.34,23 56.54328 N,108 51.34193 W,23.942388,-108.8556988,0.00136,0.0075445,15096,83743.95,6_9,6,9,7.5,0.01,,,,7.1,,,,0.0119,,,474.9928,0.8235,0.0453,28.0155,,,,342.3455,0.1154,12.3542,56.8057,10.354
FK181031-11892,11892,JaichMaat,Abuelita,PC5,S0197,PC5_S0197,background,3692.34,23 56.54328 N,108 51.34193 W,23.942388,-108.8556988,0.00136,0.0075445,15096,83743.95,9_12,9,12,10.5,0.11,,,,7.5,,,,0.0078,,,470.778,0.8243,0.0357,27.122,0.084,,,339.3422,0.2633,12.5713,56.5234,9.77
FK181031-11893,11893,JaichMaat,Abuelita,PC5,S0197,PC5_S0197,background,3692.34,23 56.54328 N,108 51.34193 W,23.942388,-108.8556988,0.00136,0.0075445,15096,83743.95,12_15,12,15,13.5,0.88,,,,7.4,,,,0.0159,0.2192,,486.2384,0.8567,0.0374,19.0969,0.2636,,0.0022,352.1921,1.396,14.1874,55.0728,6.1758
FK181031-11902,11902,JaichMaat,Abuelita,PC6,S0197,PC6_S0197,white mat,3692.42,23 56.54133 N,108 51.35133 W,23.9423555,-108.8558555,0.0013275,0.0073878,14735.25,82004.58,0_1,0,1,0.5,0.44,,,,6.9,,47,83.7,0.0671,,,579.6164,0.8888,,18.643,0.1139,,1.4091,490.9072,3.8253,20.453,43.9454,17.3846
FK181031-11903,11903,JaichMaat,Abuelita,PC6,S0197,PC6_S0197,white mat,3692.42,23 56.54133 N,108 51.35133 W,23.9423555,-108.8558555,0.0013275,0.0073878,14735.25,82004.58,1_2,1,2,1.5,1.38,,,,6.4,,47,83.7,0.0741,,,569.7363,0.8699,,16.4334,0.1062,,1.6904,486.8588,4.3967,21.6974,41.4823,18.5348
FK181031-11904,11904,JaichMaat,Abuelita,PC6,S0197,PC6_S0197,white mat,3692.42,23 56.54133 N,108 51.35133 W,23.9423555,-108.8558555,0.0013275,0.0073878,14735.25,82004.58,2_3,2,3,2.5,1.19,,,,6.6,,47,83.7,0.0723,,,581.1917,0.9082,,14.2099,0.1217,,2.1233,493.0754,5.0759,23.9276,38.5645,20.7326
FK181031-11905,11905,JaichMaat,Abuelita,PC6,S0197,PC6_S0197,white mat,3692.42,23 56.54133 N,108 51.35133 W,23.9423555,-108.8558555,0.0013275,0.0073878,14735.25,82004.58,3_4,3,4,3.5,1.42,,,,6.6,,47,83.7,0.0814,,,587.9554,0.9148,,12.3919,0.1549,,2.4893,498.1054,5.3631,24.3626,36.4296,21.1077
FK181031-11906,11906,JaichMaat,Abuelita,PC6,S0197,PC6_S0197,white mat,3692.42,23 56.54133 N,108 51.35133 W,23.9423555,-108.8558555,0.0013275,0.0073878,14735.25,82004.58,4_5,4,5,4.5,0.85,,,,6.7,,47,83.7,0.0707,,,576.6307,0.9023,,14.2875,0.1742,,2.1258,492.9235,5.3232,23.4886,38.8964,20.337
FK181031-11907,11907,JaichMaat,Abuelita,PC6,S0197,PC6_S0197,white mat,3692.42,23 56.54133 N,108 51.35133 W,23.9423555,-108.8558555,0.0013275,0.0073878,14735.25,82004.58,5_8,5,8,6.5,1.53,,,,6.5,,47,83.7,0.0511,,,600.9293,0.9381,,10.7515,0.1996,,3.0998,500.6643,6.8306,25.8072,32.5536,24.8626
FK181031-11908,11908,JaichMaat,Abuelita,PC6,S0197,PC6_S0197,white mat,3692.42,23 56.54133 N,108 51.35133 W,23.9423555,-108.8558555,0.0013275,0.0073878,14735.25,82004.58,8_11,8,11,9.5,1.17,,,,6.3,,47,83.7,0.0503,,,610.3358,0.9807,,11.7553,0.1329,,3.7133,502.7916,7.4741,26.6725,28.8253,30.9209
FK181031-11909,11909,JaichMaat,Abuelita,PC6,S0197,PC6_S0197,white mat,3692.42,23 56.54133 N,108 51.35133 W,23.9423555,-108.8558555,0.0013275,0.0073878,14735.25,82004.58,11_14,11,14,12.5,0.17,,,,6.6,,47,83.7,0.0554,,,622.5576,0.9957,,10.1111,0.1305,,4.3684,507.6233,8.0345,27.9821,25.7129,33.3888
FK181031-11914,11914,Auka,Z vent,PC3,S0198,PC3_S0198,oily peach mat,3689.98,23 57.37054 N,108 51.70713 W,23.95617567,-108.8617855,0.01514767,0.0014578,168139.137,16181.58,0_1,0,1,0.5,0.52,,,,7.1,,,,0.1161,,,564.4983,0.8462,0.4713,17.492,0.2231,,0.6015,487.6034,2.0036,15.4483,50.6721,13.8865
FK181031-11915,11915,Auka,Z vent,PC3,S0198,PC3_S0198,oily peach mat,3689.98,23 57.37054 N,108 51.70713 W,23.95617567,-108.8617855,0.01514767,0.0014578,168139.137,16181.58,1_2,1,2,1.5,,,,,,,,,,,,,,,,,,,,,,,
FK181031-11916,11916,Auka,Z vent,PC3,S0198,PC3_S0198,oily peach mat,3689.98,23 57.37054 N,108 51.70713 W,23.95617567,-108.8617855,0.01514767,0.0014578,168139.137,16181.58,2_3,2,3,2.5,0.89,,,,7.3,,,,0.1076,,,579.9847,0.8931,,10.4409,0.4739,,1.2364,497.0246,3.4538,18.3519,45.9755,17.6427
FK181031-11917,11917,Auka,Z vent,PC3,S0198,PC3_S0198,oily peach mat,3689.98,23 57.37054 N,108 51.70713 W,23.95617567,-108.8617855,0.01514767,0.0014578,168139.137,16181.58,3_4,3,4,3.5,,,,,,,,,,,,,,,,,,,,,,,
FK181031-11918,11918,Auka,Z vent,PC3,S0198,PC3_S0198,oily peach mat,3689.98,23 57.37054 N,108 51.70713 W,23.95617567,-108.8617855,0.01514767,0.0014578,168139.137,16181.58,4_5,4,5,4.5,,,,,,,,,,,,,,,,,,,,,,,
FK181031-11919,11919,Auka,Z vent,PC3,S0198,PC3_S0198,oily peach mat,3689.98,23 57.37054 N,108 51.70713 W,23.95617567,-108.8617855,0.01514767,0.0014578,168139.137,16181.58,5_8,5,8,6.5,2.19,,,,7,,,,0.1039,,,621.6414,1.0058,,0.8933,0.4108,,3.0611,518.3648,6.5773,24.0115,34.6274,23.8876
FK181031-11920,11920,Auka,Z vent,PC3,S0198,PC3_S0198,oily peach mat,3689.98,23 57.37054 N,108 51.70713 W,23.95617567,-108.8617855,0.01514767,0.0014578,168139.137,16181.58,8_11,8,11,9.5,0.68,,,,7.4,,,,0.1435,0.9923,,632.3789,1.0054,,1.5704,0.4747,,2.6777,519.4754,7.0172,23.3028,39.8369,19.8004
FK181031-11921,11921,Auka,Z vent,PC3,S0198,PC3_S0198,oily peach mat,3689.98,23 57.37054 N,108 51.70713 W,23.95617567,-108.8617855,0.01514767,0.0014578,168139.137,16181.58,11_14,11,14,12.5,0.61,,,,7,,,,0.1126,,,643.8131,1.0401,,0.1179,0.2463,,4.2845,531.6222,8.6128,27.3162,29.5539,25.1283
FK181031-11923,11923,Auka,Z vent,PC3,S0198,PC3_S0198,oily peach mat,3689.98,23 57.37054 N,108 51.70713 W,23.95617567,-108.8617855,0.01514767,0.0014578,168139.137,16181.58,17_20,17,20,18.5,0.46,,,,6.8,,,,0.1386,,,664.9956,1.102,,0.3722,0.2259,,5.7497,539.9939,10.3232,30.329,19.743,31.8614
FK181031-11924,11924,Auka,Z vent,PC1,S0198,PC1_S0198,brown clam mud,3690.21,23 57.37079 N,108 51.70725 W,23.95617983,-108.8617875,0.01515183,0.0014558,168185.313,16159.38,0_1,0,1,0.5,0.01,,,,7.1,,21.4,24.9,0.0272,,,454.8247,0.8024,0.0631,27.5358,,,,323.6308,0.1385,11.5101,56.9682,10.2746
FK181031-11925,11925,Auka,Z vent,PC1,S0198,PC1_S0198,brown clam mud,3690.21,23 57.37079 N,108 51.70725 W,23.95617983,-108.8617875,0.01515183,0.0014558,168185.313,16159.38,1_2,1,2,1.5,,,,,,,21.4,24.9,,,,,,,,,,,,,,,
FK181031-11926,11926,Auka,Z vent,PC1,S0198,PC1_S0198,brown clam mud,3690.21,23 57.37079 N,108 51.70725 W,23.95617983,-108.8617875,0.01515183,0.0014558,168185.313,16159.38,2_3,2,3,2.5,0.01,,,,,,21.4,24.9,0.0209,,,476.8858,0.835,0.0388,28.0975,0.0287,,,346.4413,0.1352,11.9976,58.907,10.6381
FK181031-11927,11927,Auka,Z vent,PC1,S0198,PC1_S0198,brown clam mud,3690.21,23 57.37079 N,108 51.70725 W,23.95617983,-108.8617875,0.01515183,0.0014558,168185.313,16159.38,3_4,3,4,3.5,,,,,,,21.4,24.9,,,,,,,,,,,,,,,
FK181031-11928,11928,Auka,Z vent,PC1,S0198,PC1_S0198,brown clam mud,3690.21,23 57.37079 N,108 51.70725 W,23.95617983,-108.8617875,0.01515183,0.0014558,168185.313,16159.38,4_5,4,5,4.5,,,,,,,21.4,24.9,,,,,,,,,,,,,,,
FK181031-11929,11929,Auka,Z vent,PC1,S0198,PC1_S0198,brown clam mud,3690.21,23 57.37079 N,108 51.70725 W,23.95617983,-108.8617875,0.01515183,0.0014558,168185.313,16159.38,5_8,5,8,6.5,0.18,,,,6.9,,21.4,24.9,0.027,,,484.5762,0.8488,,25.2228,0.1,,0.0029,347.8334,1.1413,12.7679,56.654,11.0045
FK181031-11930,11930,Auka,Z vent,PC1,S0198,PC1_S0198,brown clam mud,3690.21,23 57.37079 N,108 51.70725 W,23.95617983,-108.8617875,0.01515183,0.0014558,168185.313,16159.38,8_11,8,11,9.5,0.15,,,,,,21.4,24.9,0.0476,,0.0002,498.133,0.8988,,19.6511,0.1188,,0.0122,358.8363,2.9649,14.9097,49.9752,12.7733
FK181031-11931,11931,Auka,Z vent,PC1,S0198,PC1_S0198,brown clam mud,3690.21,23 57.37079 N,108 51.70725 W,23.95617983,-108.8617875,0.01515183,0.0014558,168185.313,16159.38,11_14,11,14,12.5,0.14,,,,,,21.4,24.9,0.0523,,,522.9537,0.9361,0.0379,19.0417,0.0971,,0.0153,386.9358,3.2898,15.808,50.4854,13.6592
FK181031-11932,11932,Auka,Z vent,PC1,S0198,PC1_S0198,brown clam mud,3690.21,23 57.37079 N,108 51.70725 W,23.95617983,-108.8617875,0.01515183,0.0014558,168185.313,16159.38,14_17,14,17,15.5,0.16,,,,7.1,,21.4,24.9,0.0768,,,513.558,0.9327,,16.6994,0.1298,,0.0187,376.3864,4.0264,16.1926,47.7039,16.4922
FK181031-11934,11934,Auka,Z vent,PC5,S0198,PC5_S0198,brown clam mud,3690.05,23 57.37097 N,108 51.70713 W,23.95618283,-108.8617855,0.01515483,0.0014578,168218.613,16181.58,0_1,0,1,0.5,0.01,,,,7.4,,21.4,24.9,0.0147,,,478.9177,0.8406,0.0426,27.6669,,,,345.4034,0.2612,11.823,57.4314,10.5724
FK181031-11935,11935,Auka,Z vent,PC5,S0198,PC5_S0198,brown clam mud,3690.05,23 57.37097 N,108 51.70713 W,23.95618283,-108.8617855,0.01515483,0.0014578,168218.613,16181.58,1_2,1,2,1.5,,,,,,,21.4,24.9,,,,,,,,,,,,,,,
FK181031-11936,11936,Auka,Z vent,PC5,S0198,PC5_S0198,brown clam mud,3690.05,23 57.37097 N,108 51.70713 W,23.95618283,-108.8617855,0.01515483,0.0014578,168218.613,16181.58,2_3,2,3,2.5,0.02,,,,7.8,,21.4,24.9,0.0168,0.0251,,487.0421,0.8549,0.0413,25.8066,0.091,,,357.4641,0.5914,12.4235,57.1264,9.6269
FK181031-11937,11937,Auka,Z vent,PC5,S0198,PC5_S0198,brown clam mud,3690.05,23 57.37097 N,108 51.70713 W,23.95618283,-108.8617855,0.01515483,0.0014578,168218.613,16181.58,3_4,3,4,3.5,,,,,,,21.4,24.9,,,,,,,,,,,,,,,
FK181031-11938,11938,Auka,Z vent,PC5,S0198,PC5_S0198,brown clam mud,3690.05,23 57.37097 N,108 51.70713 W,23.95618283,-108.8617855,0.01515483,0.0014578,168218.613,16181.58,4_5,4,5,4.5,,,,,,,21.4,24.9,,,,,,,,,,,,,,,
FK181031-11939,11939,Auka,Z vent,PC5,S0198,PC5_S0198,brown clam mud,3690.05,23 57.37097 N,108 51.70713 W,23.95618283,-108.8617855,0.01515483,0.0014578,168218.613,16181.58,5_8,5,8,6.5,1.99,,,,7,,21.4,24.9,0.0297,,,500.7779,0.8963,0.0378,14.2739,0.2458,,0.011,363.2895,2.5137,14.4081,50.7974,8.3851
FK181031-11940,11940,Auka,Z vent,PC5,S0198,PC5_S0198,brown clam mud,3690.05,23 57.37097 N,108 51.70713 W,23.95618283,-108.8617855,0.01515483,0.0014578,168218.613,16181.58,8_11,8,11,9.5,2.26,,,,6.9,,21.4,24.9,0.0639,,,518.6973,0.9516,0.0422,9.2182,0.3004,,0.0275,383.0418,4.5266,16.8233,40.7956,15.6026
FK181031-11941,11941,Auka,Z vent,PC5,S0198,PC5_S0198,brown clam mud,3690.05,23 57.37097 N,108 51.70713 W,23.95618283,-108.8617855,0.01515483,0.0014578,168218.613,16181.58,11_14,11,14,12.5,0.81,,,,7.1,,21.4,24.9,0.0974,,,551.6597,1.0466,,3.3686,0.2272,,0.0547,412.7002,7.5745,20.6345,29.1479,23.6349
FK181031-11942,11942,Auka,Z vent,PC5,S0198,PC5_S0198,brown clam mud,3690.05,23 57.37097 N,108 51.70713 W,23.95618283,-108.8617855,0.01515483,0.0014578,168218.613,16181.58,14_17,14,17,15.5,0.64,,,,7,,21.4,24.9,0.095,,,560.465,1.0581,,2.4525,0.1662,,0.0608,418.7839,8.3713,21.3335,26.8493,24.2032
FK181031-11943,11943,Auka,Z vent,PC5,S0198,PC5_S0198,brown clam mud,3690.05,23 57.37097 N,108 51.70713 W,23.95618283,-108.8617855,0.01515483,0.0014578,168218.613,16181.58,17_20,17,20,18.5,0.15,,,,7.3,,21.4,24.9,0.1154,,,564,1.064,,4.2816,0.1498,,0.0629,428.3377,8.7063,22.0356,26.9408,26.0978
FK181031-11956,11956,JaichMaat,between Big Cave & Red hill,PC7,S0199,PC7_S0199,peach mat,3685.71,23 56.46168 N,108 51.34399 W,23.941028,-108.8557332,0,0.0075101,0,83362.11,0_1,0,1,0.5,1.63,,,,7.1,,38,86,0.0052,,,499.727,0.873,0.3954,21.7656,0.3035,,0.0027,362.6629,1.6465,14.6871,56.8501,9.1064
FK181031-11957,11957,JaichMaat,between Big Cave & Red hill,PC7,S0199,PC7_S0199,peach mat,3685.71,23 56.46168 N,108 51.34399 W,23.941028,-108.8557332,0,0.0075101,0,83362.11,1_2,1,2,1.5,3.22,,,,7.1,,38,86,0.0019,,,512.2539,0.9082,0.1229,12.5241,0.5374,,0.0074,372.7899,2.5108,16.734,52.6799,11.781
FK181031-11958,11958,JaichMaat,between Big Cave & Red hill,PC7,S0199,PC7_S0199,peach mat,3685.71,23 56.46168 N,108 51.34399 W,23.941028,-108.8557332,0,0.0075101,0,83362.11,2_3,2,3,2.5,4.3,,,,7,,38,86,,,,514.0149,0.9173,0.1304,10.1761,0.5357,,0.0097,374.4294,2.8838,17.3568,50.6143,10.4167
FK181031-11959,11959,JaichMaat,between Big Cave & Red hill,PC7,S0199,PC7_S0199,peach mat,3685.71,23 56.46168 N,108 51.34399 W,23.941028,-108.8557332,0,0.0075101,0,83362.11,3_4,3,4,3.5,3.94,,,,6.9,,38,86,,0.1054,,517.3741,0.9318,0.2204,10.4528,0.5664,,0.0119,376.6382,3.2249,17.924,49.2005,13.9108
FK181031-12025,12025,Auka,Z vent,PC7,S0200,PC7_S0200,grey mat,3688.82,23 57.36632 N,108 51.7136 W,23.95610533,-108.8618933,0.01507733,0.00135,167358.363,14985,0_3,0,3,1.5,,,,,,,30,46.3,,,,,,,,,,,,,,,
